"sparkoo/Java-Grande-JMH","49091708276efbe758c84f15a0261439b2974ff9","1522533600","1.19","1.7","","cz.sparko.javagrandejmh.v2.section2.CryptBench","idea","","","","","","","BOTH_UNSET","BOTH_UNSET","BOTH_UNSET","","","","","","","BOTH_UNSET","BOTH_UNSET","BOTH_UNSET","","","","","","","","","","","","","","","","","","","3","","0","0","0","false","false","false","false","false","size=cz.sparko.javagrandejmh.v2.section2.CryptBench","size=3000000&size=20000000&size=50000000","1","1","0","","false","a4afb1b8f22a7485256809bab3430abe4911f8aa0179c9f8f20e91be89065bb3","2"
"sparkoo/Java-Grande-JMH","49091708276efbe758c84f15a0261439b2974ff9","1522533600","1.19","1.7","","cz.sparko.javagrandejmh.v2.section1.CastBench","intFloat","","","","","","","BOTH_UNSET","BOTH_UNSET","BOTH_UNSET","","","","","","","BOTH_UNSET","BOTH_UNSET","BOTH_UNSET","","","","","","","","","","","","","","","","","","","1","org.openjdk.jmh.infra.Blackhole","1","0","0","true","false","false","false","false","","","0","0","0","","false","00be229437a39fba2f60480ceab72b2a9bbd8cc4e840fcf2aae9d467b9eac6ed","4"
"sparkoo/Java-Grande-JMH","49091708276efbe758c84f15a0261439b2974ff9","1522533600","1.19","1.7","","cz.sparko.javagrandejmh.v2.section1.CastBench","intDouble","","","","","","","BOTH_UNSET","BOTH_UNSET","BOTH_UNSET","","","","","","","BOTH_UNSET","BOTH_UNSET","BOTH_UNSET","","","","","","","","","","","","","","","","","","","1","org.openjdk.jmh.infra.Blackhole","1","0","0","true","false","false","false","false","","","0","0","0","","false","8441b75d4bd96374d87caec1b3aa2d9cac6e5136821b60cf8cc7e155b216f9f4","4"
"sparkoo/Java-Grande-JMH","49091708276efbe758c84f15a0261439b2974ff9","1522533600","1.19","1.7","","cz.sparko.javagrandejmh.v2.section1.CastBench","longFloat","","","","","","","BOTH_UNSET","BOTH_UNSET","BOTH_UNSET","","","","","","","BOTH_UNSET","BOTH_UNSET","BOTH_UNSET","","","","","","","","","","","","","","","","","","","1","org.openjdk.jmh.infra.Blackhole","1","0","0","true","false","false","false","false","","","0","0","0","","false","8f79585c53b5a43da22d904151534eaf57fb60e557aeaacb966305bf7febce11","4"
"sparkoo/Java-Grande-JMH","49091708276efbe758c84f15a0261439b2974ff9","1522533600","1.19","1.7","","cz.sparko.javagrandejmh.v2.section1.CastBench","longDouble","","","","","","","BOTH_UNSET","BOTH_UNSET","BOTH_UNSET","","","","","","","BOTH_UNSET","BOTH_UNSET","BOTH_UNSET","","","","","","","","","","","","","","","","","","","1","org.openjdk.jmh.infra.Blackhole","1","0","0","true","false","false","false","false","","","0","0","0","","false","ee5ba1f47d205bd5035e7e63f311356d251ad4007862ab1fba3d185c46f57d5d","4"
"sparkoo/Java-Grande-JMH","49091708276efbe758c84f15a0261439b2974ff9","1522533600","1.19","1.7","","cz.sparko.javagrandejmh.v2.section1.SerialBenchArrayRead","readingArray","","","","","","","BOTH_UNSET","BOTH_UNSET","BOTH_UNSET","","","","","","","BOTH_UNSET","BOTH_UNSET","BOTH_UNSET","","","","","","","","","","","","","","","","","","","1","","0","0","0","false","false","false","false","false","","","0","0","0","","false","ff9f1fda1df15c7938fb6bc976470a0ad6babcb1ae576a6acc585779a08ed7e0","8"
"sparkoo/Java-Grande-JMH","49091708276efbe758c84f15a0261439b2974ff9","1522533600","1.19","1.7","","cz.sparko.javagrandejmh.v2.section1.SerialBenchLinkListRead","readingLinklist","","","","","","","BOTH_UNSET","BOTH_UNSET","BOTH_UNSET","","","","","","","BOTH_UNSET","BOTH_UNSET","BOTH_UNSET","","","","","","","","","","","","","","","","","","","1","","0","0","0","false","false","false","false","false","","","0","0","0","","false","2dd87ac74fede416da4a307f6ee33c039b981f352791f513e22f0d4974c5ad52","8"
"sparkoo/Java-Grande-JMH","49091708276efbe758c84f15a0261439b2974ff9","1522533600","1.19","1.7","","cz.sparko.javagrandejmh.v2.section1.SerialBenchVectorRead","readingVector","","","","","","","BOTH_UNSET","BOTH_UNSET","BOTH_UNSET","","","","","","","BOTH_UNSET","BOTH_UNSET","BOTH_UNSET","","","","","","","","","","","","","","","","","","","1","","0","0","0","false","false","false","false","false","","","0","0","0","","false","ff37e98ff131b2405e4facbac45826b5bb78886c5434f454029c0f7af3443ac4","8"
"sparkoo/Java-Grande-JMH","49091708276efbe758c84f15a0261439b2974ff9","1522533600","1.19","1.7","","cz.sparko.javagrandejmh.v2.section1.MathBench","absInt","","","","","","","BOTH_UNSET","BOTH_UNSET","BOTH_UNSET","","","","","","","BOTH_UNSET","BOTH_UNSET","BOTH_UNSET","","","","","","","","","","","","","","","","","","","1","org.openjdk.jmh.infra.Blackhole","1","0","0","true","false","false","false","false","","","0","0","0","","false","aea256ce760ae1c014b5fbafa36a5be56029dd1bcbb11c03487717d032548f24","6"
"sparkoo/Java-Grande-JMH","49091708276efbe758c84f15a0261439b2974ff9","1522533600","1.19","1.7","","cz.sparko.javagrandejmh.v2.section1.MathBench","absLong","","","","","","","BOTH_UNSET","BOTH_UNSET","BOTH_UNSET","","","","","","","BOTH_UNSET","BOTH_UNSET","BOTH_UNSET","","","","","","","","","","","","","","","","","","","1","org.openjdk.jmh.infra.Blackhole","1","0","0","true","false","false","false","false","","","0","0","0","","false","5b302b66ca046e2a27951f3dbceeb61c4ed6df834f7cf5aee77acb22c03be02e","6"
"sparkoo/Java-Grande-JMH","49091708276efbe758c84f15a0261439b2974ff9","1522533600","1.19","1.7","","cz.sparko.javagrandejmh.v2.section1.MathBench","absFloat","","","","","","","BOTH_UNSET","BOTH_UNSET","BOTH_UNSET","","","","","","","BOTH_UNSET","BOTH_UNSET","BOTH_UNSET","","","","","","","","","","","","","","","","","","","1","org.openjdk.jmh.infra.Blackhole","1","0","0","true","false","false","false","false","","","0","0","0","","false","beafe05bf34a2618152b9fa5145ade699076b7e356c20dbb45e9a5e749491eff","6"
"sparkoo/Java-Grande-JMH","49091708276efbe758c84f15a0261439b2974ff9","1522533600","1.19","1.7","","cz.sparko.javagrandejmh.v2.section1.MathBench","absDouble","","","","","","","BOTH_UNSET","BOTH_UNSET","BOTH_UNSET","","","","","","","BOTH_UNSET","BOTH_UNSET","BOTH_UNSET","","","","","","","","","","","","","","","","","","","1","org.openjdk.jmh.infra.Blackhole","1","0","0","true","false","false","false","false","","","0","0","0","","false","aa9b6de9cb8b91a2480bbe2ca373f2fe1144bcb48d67f542ec963507dd31e6ba","6"
"sparkoo/Java-Grande-JMH","49091708276efbe758c84f15a0261439b2974ff9","1522533600","1.19","1.7","","cz.sparko.javagrandejmh.v2.section1.MathBench","maxInt","","","","","","","BOTH_UNSET","BOTH_UNSET","BOTH_UNSET","","","","","","","BOTH_UNSET","BOTH_UNSET","BOTH_UNSET","","","","","","","","","","","","","","","","","","","1","org.openjdk.jmh.infra.Blackhole","1","0","0","true","false","false","false","false","","","0","0","0","","false","731ea5fbe0a4c162e88ba78d4bc38585b4280fd9d3c29d3d09d5848a21f766a2","6"
"sparkoo/Java-Grande-JMH","49091708276efbe758c84f15a0261439b2974ff9","1522533600","1.19","1.7","","cz.sparko.javagrandejmh.v2.section1.MathBench","maxLong","","","","","","","BOTH_UNSET","BOTH_UNSET","BOTH_UNSET","","","","","","","BOTH_UNSET","BOTH_UNSET","BOTH_UNSET","","","","","","","","","","","","","","","","","","","1","org.openjdk.jmh.infra.Blackhole","1","0","0","true","false","false","false","false","","","0","0","0","","false","7d3ad5e2d494ffa102aed32e03ad8b3cdb196882c79113e37531eaaae860cef7","6"
"sparkoo/Java-Grande-JMH","49091708276efbe758c84f15a0261439b2974ff9","1522533600","1.19","1.7","","cz.sparko.javagrandejmh.v2.section1.MathBench","maxFloat","","","","","","","BOTH_UNSET","BOTH_UNSET","BOTH_UNSET","","","","","","","BOTH_UNSET","BOTH_UNSET","BOTH_UNSET","","","","","","","","","","","","","","","","","","","1","org.openjdk.jmh.infra.Blackhole","1","0","0","true","false","false","false","false","","","0","0","0","","false","4c55ad608a32a9fd54c2f3883c215dbab03b1ac429750ca66621fb8bf87c57c4","6"
"sparkoo/Java-Grande-JMH","49091708276efbe758c84f15a0261439b2974ff9","1522533600","1.19","1.7","","cz.sparko.javagrandejmh.v2.section1.MathBench","maxDouble","","","","","","","BOTH_UNSET","BOTH_UNSET","BOTH_UNSET","","","","","","","BOTH_UNSET","BOTH_UNSET","BOTH_UNSET","","","","","","","","","","","","","","","","","","","1","org.openjdk.jmh.infra.Blackhole","1","0","0","true","false","false","false","false","","","0","0","0","","false","5a08647ea9b0c11b392c67f8a277c84bde25a95abc3dfd0ca5a400bd198ef476","6"
"sparkoo/Java-Grande-JMH","49091708276efbe758c84f15a0261439b2974ff9","1522533600","1.19","1.7","","cz.sparko.javagrandejmh.v2.section1.MathBench","minInt","","","","","","","BOTH_UNSET","BOTH_UNSET","BOTH_UNSET","","","","","","","BOTH_UNSET","BOTH_UNSET","BOTH_UNSET","","","","","","","","","","","","","","","","","","","1","org.openjdk.jmh.infra.Blackhole","1","0","0","true","false","false","false","false","","","0","0","0","","false","2387a27fc7b972ffcf1a0ca243237cbd93c28d8cae5ea2fb5de1639f8455bdbf","6"
"sparkoo/Java-Grande-JMH","49091708276efbe758c84f15a0261439b2974ff9","1522533600","1.19","1.7","","cz.sparko.javagrandejmh.v2.section1.MathBench","minLong","","","","","","","BOTH_UNSET","BOTH_UNSET","BOTH_UNSET","","","","","","","BOTH_UNSET","BOTH_UNSET","BOTH_UNSET","","","","","","","","","","","","","","","","","","","1","org.openjdk.jmh.infra.Blackhole","1","0","0","true","false","false","false","false","","","0","0","0","","false","23a5afbfd034171e0126465f9ad26c53eef31d3da3c87bf7a7b0491ce4d06cc0","6"
"sparkoo/Java-Grande-JMH","49091708276efbe758c84f15a0261439b2974ff9","1522533600","1.19","1.7","","cz.sparko.javagrandejmh.v2.section1.MathBench","minFloat","","","","","","","BOTH_UNSET","BOTH_UNSET","BOTH_UNSET","","","","","","","BOTH_UNSET","BOTH_UNSET","BOTH_UNSET","","","","","","","","","","","","","","","","","","","1","org.openjdk.jmh.infra.Blackhole","1","0","0","true","false","false","false","false","","","0","0","0","","false","7c28d726ea503c32123a36a4b7df181e540a7505e05e630a5bdaee8e7e6c07bd","6"
"sparkoo/Java-Grande-JMH","49091708276efbe758c84f15a0261439b2974ff9","1522533600","1.19","1.7","","cz.sparko.javagrandejmh.v2.section1.MathBench","minDouble","","","","","","","BOTH_UNSET","BOTH_UNSET","BOTH_UNSET","","","","","","","BOTH_UNSET","BOTH_UNSET","BOTH_UNSET","","","","","","","","","","","","","","","","","","","1","org.openjdk.jmh.infra.Blackhole","1","0","0","true","false","false","false","false","","","0","0","0","","false","219a67924ba19eca8452d7369be40bcd63b6eae91ce35e717ac44d33cb672289","6"
"sparkoo/Java-Grande-JMH","49091708276efbe758c84f15a0261439b2974ff9","1522533600","1.19","1.7","","cz.sparko.javagrandejmh.v2.section1.MathBench","sinDouble","","","","","","","BOTH_UNSET","BOTH_UNSET","BOTH_UNSET","","","","","","","BOTH_UNSET","BOTH_UNSET","BOTH_UNSET","","","","","","","","","","","","","","","","","","","1","org.openjdk.jmh.infra.Blackhole","1","0","0","true","false","false","false","false","","","0","0","0","","false","7acf05d7504c94c1e7b7ee37ad890c7308aa3a523fa3187e53f68fa334df1461","6"
"sparkoo/Java-Grande-JMH","49091708276efbe758c84f15a0261439b2974ff9","1522533600","1.19","1.7","","cz.sparko.javagrandejmh.v2.section1.MathBench","cosDouble","","","","","","","BOTH_UNSET","BOTH_UNSET","BOTH_UNSET","","","","","","","BOTH_UNSET","BOTH_UNSET","BOTH_UNSET","","","","","","","","","","","","","","","","","","","1","org.openjdk.jmh.infra.Blackhole","1","0","0","true","false","false","false","false","","","0","0","0","","false","7a998ff28e347329940ff0f5f0091b7a76a47336da27491acda99d5e4cd48f22","6"
"sparkoo/Java-Grande-JMH","49091708276efbe758c84f15a0261439b2974ff9","1522533600","1.19","1.7","","cz.sparko.javagrandejmh.v2.section1.MathBench","tanDouble","","","","","","","BOTH_UNSET","BOTH_UNSET","BOTH_UNSET","","","","","","","BOTH_UNSET","BOTH_UNSET","BOTH_UNSET","","","","","","","","","","","","","","","","","","","1","org.openjdk.jmh.infra.Blackhole","1","0","0","true","false","false","false","false","","","0","0","0","","false","1a5538a56c22f1227ad3ec1574c97675a83ca19019225dfbaf14f2acc9689952","6"
"sparkoo/Java-Grande-JMH","49091708276efbe758c84f15a0261439b2974ff9","1522533600","1.19","1.7","","cz.sparko.javagrandejmh.v2.section1.MathBench","asinDouble","","","","","","","BOTH_UNSET","BOTH_UNSET","BOTH_UNSET","","","","","","","BOTH_UNSET","BOTH_UNSET","BOTH_UNSET","","","","","","","","","","","","","","","","","","","1","org.openjdk.jmh.infra.Blackhole","1","0","0","true","false","false","false","false","","","0","0","0","","false","550bf9b652c4d765afb599493a12242d0d32c11e6c8e6296053d58ccaa06dd33","6"
"sparkoo/Java-Grande-JMH","49091708276efbe758c84f15a0261439b2974ff9","1522533600","1.19","1.7","","cz.sparko.javagrandejmh.v2.section1.MathBench","acosDouble","","","","","","","BOTH_UNSET","BOTH_UNSET","BOTH_UNSET","","","","","","","BOTH_UNSET","BOTH_UNSET","BOTH_UNSET","","","","","","","","","","","","","","","","","","","1","org.openjdk.jmh.infra.Blackhole","1","0","0","true","false","false","false","false","","","0","0","0","","false","0b617d2b68859e3fe63e7c021bacae58765a970e89a7d78aa1aa0dee27f3a195","6"
"sparkoo/Java-Grande-JMH","49091708276efbe758c84f15a0261439b2974ff9","1522533600","1.19","1.7","","cz.sparko.javagrandejmh.v2.section1.MathBench","atanDouble","","","","","","","BOTH_UNSET","BOTH_UNSET","BOTH_UNSET","","","","","","","BOTH_UNSET","BOTH_UNSET","BOTH_UNSET","","","","","","","","","","","","","","","","","","","1","org.openjdk.jmh.infra.Blackhole","1","0","0","true","false","false","false","false","","","0","0","0","","false","e03c4a6318d4f4202624944769c7e888ff14dcf1745fb9ffd453045e966221e0","6"
"sparkoo/Java-Grande-JMH","49091708276efbe758c84f15a0261439b2974ff9","1522533600","1.19","1.7","","cz.sparko.javagrandejmh.v2.section1.MathBench","atan2Double","","","","","","","BOTH_UNSET","BOTH_UNSET","BOTH_UNSET","","","","","","","BOTH_UNSET","BOTH_UNSET","BOTH_UNSET","","","","","","","","","","","","","","","","","","","1","org.openjdk.jmh.infra.Blackhole","1","0","0","true","false","false","false","false","","","0","0","0","","false","5d21c2278ecbcfe0e0bf13a99f252c9f378754c58dd7f5ed0193f07b9dee2bb6","6"
"sparkoo/Java-Grande-JMH","49091708276efbe758c84f15a0261439b2974ff9","1522533600","1.19","1.7","","cz.sparko.javagrandejmh.v2.section1.MathBench","floorDouble","","","","","","","BOTH_UNSET","BOTH_UNSET","BOTH_UNSET","","","","","","","BOTH_UNSET","BOTH_UNSET","BOTH_UNSET","","","","","","","","","","","","","","","","","","","1","org.openjdk.jmh.infra.Blackhole","1","0","0","true","false","false","false","false","","","0","0","0","","false","a885ff6cd9cad0f762280a192572cf5e30874b05b82c2843a8ae886214c9349a","6"
"sparkoo/Java-Grande-JMH","49091708276efbe758c84f15a0261439b2974ff9","1522533600","1.19","1.7","","cz.sparko.javagrandejmh.v2.section1.MathBench","ceilDouble","","","","","","","BOTH_UNSET","BOTH_UNSET","BOTH_UNSET","","","","","","","BOTH_UNSET","BOTH_UNSET","BOTH_UNSET","","","","","","","","","","","","","","","","","","","1","org.openjdk.jmh.infra.Blackhole","1","0","0","true","false","false","false","false","","","0","0","0","","false","8cd7d46dab3ee66ff040b9d65b596d034771a72176cb1b39a588fbc7d81d6555","6"
"sparkoo/Java-Grande-JMH","49091708276efbe758c84f15a0261439b2974ff9","1522533600","1.19","1.7","","cz.sparko.javagrandejmh.v2.section1.MathBench","sqrtDouble","","","","","","","BOTH_UNSET","BOTH_UNSET","BOTH_UNSET","","","","","","","BOTH_UNSET","BOTH_UNSET","BOTH_UNSET","","","","","","","","","","","","","","","","","","","1","org.openjdk.jmh.infra.Blackhole","1","0","0","true","false","false","false","false","","","0","0","0","","false","650937a72dedc990a8909835ee8c031aa04d53c44878e4913fddd5bfe8b3f2eb","6"
"sparkoo/Java-Grande-JMH","49091708276efbe758c84f15a0261439b2974ff9","1522533600","1.19","1.7","","cz.sparko.javagrandejmh.v2.section1.MathBench","expDouble","","","","","","","BOTH_UNSET","BOTH_UNSET","BOTH_UNSET","","","","","","","BOTH_UNSET","BOTH_UNSET","BOTH_UNSET","","","","","","","","","","","","","","","","","","","1","org.openjdk.jmh.infra.Blackhole","1","0","0","true","false","false","false","false","","","0","0","0","","false","44100ce9c876e11934556d20365a9c75fb6664c3ece6d0a0efc2a7a12202f4d5","6"
"sparkoo/Java-Grande-JMH","49091708276efbe758c84f15a0261439b2974ff9","1522533600","1.19","1.7","","cz.sparko.javagrandejmh.v2.section1.MathBench","logDouble","","","","","","","BOTH_UNSET","BOTH_UNSET","BOTH_UNSET","","","","","","","BOTH_UNSET","BOTH_UNSET","BOTH_UNSET","","","","","","","","","","","","","","","","","","","1","org.openjdk.jmh.infra.Blackhole","1","0","0","true","false","false","false","false","","","0","0","0","","false","6c1c884668baeec94f9a64b52c058f6c7fc6edb6578ef6986cb043915a2b885f","6"
"sparkoo/Java-Grande-JMH","49091708276efbe758c84f15a0261439b2974ff9","1522533600","1.19","1.7","","cz.sparko.javagrandejmh.v2.section1.MathBench","powDouble","","","","","","","BOTH_UNSET","BOTH_UNSET","BOTH_UNSET","","","","","","","BOTH_UNSET","BOTH_UNSET","BOTH_UNSET","","","","","","","","","","","","","","","","","","","1","org.openjdk.jmh.infra.Blackhole","1","0","0","true","false","false","false","false","","","0","0","0","","false","b21421b770fec36c47007a495db394b159d3cec5ce3b38673c3d3c65cf49fccf","6"
"sparkoo/Java-Grande-JMH","49091708276efbe758c84f15a0261439b2974ff9","1522533600","1.19","1.7","","cz.sparko.javagrandejmh.v2.section1.MathBench","rintDouble","","","","","","","BOTH_UNSET","BOTH_UNSET","BOTH_UNSET","","","","","","","BOTH_UNSET","BOTH_UNSET","BOTH_UNSET","","","","","","","","","","","","","","","","","","","1","org.openjdk.jmh.infra.Blackhole","1","0","0","true","false","false","false","false","","","0","0","0","","false","bc1decbca30dc57b788e2b6e0b39c632a1cb100b250eb92cbeee5b2ecce7b65b","6"
"sparkoo/Java-Grande-JMH","49091708276efbe758c84f15a0261439b2974ff9","1522533600","1.19","1.7","","cz.sparko.javagrandejmh.v2.section1.MathBench","random","","","","","","","BOTH_UNSET","BOTH_UNSET","BOTH_UNSET","","","","","","","BOTH_UNSET","BOTH_UNSET","BOTH_UNSET","","","","","","","","","","","","","","","","","","","1","org.openjdk.jmh.infra.Blackhole","1","0","0","true","false","false","false","false","","","0","0","0","","false","6079974466d058facdd2c07e259f454a4744cf67d351a83f7dfa65e2080697f0","3"
"sparkoo/Java-Grande-JMH","49091708276efbe758c84f15a0261439b2974ff9","1522533600","1.19","1.7","","cz.sparko.javagrandejmh.v2.section1.MathBench","roundFloat","","","","","","","BOTH_UNSET","BOTH_UNSET","BOTH_UNSET","","","","","","","BOTH_UNSET","BOTH_UNSET","BOTH_UNSET","","","","","","","","","","","","","","","","","","","1","org.openjdk.jmh.infra.Blackhole","1","0","0","true","false","false","false","false","","","0","0","0","","false","93d04dc02751e87560d9b89942bec1a10c71975c0e4c048c1b15772b25102e97","6"
"sparkoo/Java-Grande-JMH","49091708276efbe758c84f15a0261439b2974ff9","1522533600","1.19","1.7","","cz.sparko.javagrandejmh.v2.section1.MathBench","roundDouble","","","","","","","BOTH_UNSET","BOTH_UNSET","BOTH_UNSET","","","","","","","BOTH_UNSET","BOTH_UNSET","BOTH_UNSET","","","","","","","","","","","","","","","","","","","1","org.openjdk.jmh.infra.Blackhole","1","0","0","true","false","false","false","false","","","0","0","0","","false","a7de69bb7955aade1c7f4daf0e34f7fea9ac77657492b3afc2a7f06b9959b44c","6"
"sparkoo/Java-Grande-JMH","49091708276efbe758c84f15a0261439b2974ff9","1522533600","1.19","1.7","","cz.sparko.javagrandejmh.v2.section1.MathBench","ieeeRemainderDouble","","","","","","","BOTH_UNSET","BOTH_UNSET","BOTH_UNSET","","","","","","","BOTH_UNSET","BOTH_UNSET","BOTH_UNSET","","","","","","","","","","","","","","","","","","","1","org.openjdk.jmh.infra.Blackhole","1","0","0","true","false","false","false","false","","","0","0","0","","false","54369bc275a708ea49b074b171df69bdf490f9931c84c00a848dacb150141b9f","6"
"sparkoo/Java-Grande-JMH","49091708276efbe758c84f15a0261439b2974ff9","1522533600","1.19","1.7","","cz.sparko.javagrandejmh.v2.section1.ExceptionBench","exceptionThrow","","","","","","","BOTH_UNSET","BOTH_UNSET","BOTH_UNSET","","","","","","","BOTH_UNSET","BOTH_UNSET","BOTH_UNSET","","","","","","","","","","","","","","","","","","","1","org.openjdk.jmh.infra.Blackhole","1","0","0","true","false","false","false","false","","","0","0","0","","false","0ae257263f9bda9288471f6611d5034fdbce5d5765c25c86784a7f65d90de66a","8"
"sparkoo/Java-Grande-JMH","49091708276efbe758c84f15a0261439b2974ff9","1522533600","1.19","1.7","","cz.sparko.javagrandejmh.v2.section1.ExceptionBench","exceptionNew","","","","","","","BOTH_UNSET","BOTH_UNSET","BOTH_UNSET","","","","","","","BOTH_UNSET","BOTH_UNSET","BOTH_UNSET","","","","","","","","","","","","","","","","","","","1","org.openjdk.jmh.infra.Blackhole","1","0","0","true","false","false","false","false","","","0","0","0","","false","5620961fab14551c118860ae0a548011249bc89b9366572441ca98e73b143b52","8"
"sparkoo/Java-Grande-JMH","49091708276efbe758c84f15a0261439b2974ff9","1522533600","1.19","1.7","","cz.sparko.javagrandejmh.v2.section1.ExceptionBench","exceptionMethod","","","","","","","BOTH_UNSET","BOTH_UNSET","BOTH_UNSET","","","","","","","BOTH_UNSET","BOTH_UNSET","BOTH_UNSET","","","","","","","","","","","","","","","","","","","1","org.openjdk.jmh.infra.Blackhole","1","0","0","true","false","false","false","false","","","0","0","0","","false","8cb97b852b4582228dbc0ea1afc4f513db8b1d26012b9875f66a5e69e47240bc","8"
"sparkoo/Java-Grande-JMH","49091708276efbe758c84f15a0261439b2974ff9","1522533600","1.19","1.7","","cz.sparko.javagrandejmh.v2.section1.SerialBenchLinkListWrite","writingLinklist","","","","","","","BOTH_UNSET","BOTH_UNSET","BOTH_UNSET","","","","","","","BOTH_UNSET","BOTH_UNSET","BOTH_UNSET","","","","","","","","","","","","","","","","","","","1","","0","0","0","false","false","false","false","false","","","0","0","0","","false","db26782d434bee75ad974f3de4b8c65d49997d5f600ea553ef4afee2564f6cfa","8"
"sparkoo/Java-Grande-JMH","49091708276efbe758c84f15a0261439b2974ff9","1522533600","1.19","1.7","","cz.sparko.javagrandejmh.v2.section1.CreateBenchMulti","arrayInt","","","","","","","BOTH_UNSET","BOTH_UNSET","BOTH_UNSET","","","","","","","BOTH_UNSET","BOTH_UNSET","BOTH_UNSET","","","","","","","","","","","","","","","","","","","8","org.openjdk.jmh.infra.Blackhole","1","0","0","true","false","false","false","false","certainty=cz.sparko.javagrandejmh.v2.section1.CreateBenchMulti","certainty=1&certainty=2&certainty=4&certainty=8&certainty=16&certainty=32&certainty=64&certainty=128","1","1","0","","false","74a3ed378c28b10a1ae12136511f210e1b47ae28a150e9927fd052ab6aa2e95b","4"
"sparkoo/Java-Grande-JMH","49091708276efbe758c84f15a0261439b2974ff9","1522533600","1.19","1.7","","cz.sparko.javagrandejmh.v2.section1.CreateBenchMulti","arrayLong","","","","","","","BOTH_UNSET","BOTH_UNSET","BOTH_UNSET","","","","","","","BOTH_UNSET","BOTH_UNSET","BOTH_UNSET","","","","","","","","","","","","","","","","","","","8","org.openjdk.jmh.infra.Blackhole","1","0","0","true","false","false","false","false","certainty=cz.sparko.javagrandejmh.v2.section1.CreateBenchMulti","certainty=1&certainty=2&certainty=4&certainty=8&certainty=16&certainty=32&certainty=64&certainty=128","1","1","0","","false","9fc674e1c995c2b6853d31b50b7b5e6e623124795f3031fecf0f970e4fa09c37","4"
"sparkoo/Java-Grande-JMH","49091708276efbe758c84f15a0261439b2974ff9","1522533600","1.19","1.7","","cz.sparko.javagrandejmh.v2.section1.CreateBenchMulti","arrayFloat","","","","","","","BOTH_UNSET","BOTH_UNSET","BOTH_UNSET","","","","","","","BOTH_UNSET","BOTH_UNSET","BOTH_UNSET","","","","","","","","","","","","","","","","","","","8","org.openjdk.jmh.infra.Blackhole","1","0","0","true","false","false","false","false","certainty=cz.sparko.javagrandejmh.v2.section1.CreateBenchMulti","certainty=1&certainty=2&certainty=4&certainty=8&certainty=16&certainty=32&certainty=64&certainty=128","1","1","0","","false","d19cf374178e5faceb5fd6a86fea64a679012ad32ba44c147e4251af739bc71b","4"
"sparkoo/Java-Grande-JMH","49091708276efbe758c84f15a0261439b2974ff9","1522533600","1.19","1.7","","cz.sparko.javagrandejmh.v2.section1.CreateBenchMulti","arrayObject","","","","","","","BOTH_UNSET","BOTH_UNSET","BOTH_UNSET","","","","","","","BOTH_UNSET","BOTH_UNSET","BOTH_UNSET","","","","","","","","","","","","","","","","","","","8","org.openjdk.jmh.infra.Blackhole","1","0","0","true","false","false","false","false","certainty=cz.sparko.javagrandejmh.v2.section1.CreateBenchMulti","certainty=1&certainty=2&certainty=4&certainty=8&certainty=16&certainty=32&certainty=64&certainty=128","1","1","0","","false","2d428f2e5f7f7b56f60143a30215edc956ec5c58aa74398b3d9687dd1e958547","4"
"sparkoo/Java-Grande-JMH","49091708276efbe758c84f15a0261439b2974ff9","1522533600","1.19","1.7","","cz.sparko.javagrandejmh.v2.section1.CreateBenchSingle","objectBase","","","","","","","BOTH_UNSET","BOTH_UNSET","BOTH_UNSET","","","","","","","BOTH_UNSET","BOTH_UNSET","BOTH_UNSET","","","","","","","","","","","","","","","","","","","1","org.openjdk.jmh.infra.Blackhole","1","0","0","true","false","false","false","false","","","0","0","0","","false","19d5ca4952b12aa1d28d11c0e9541bedc05ab03601fa8eaeefe9bd074b9faf3c","3"
"sparkoo/Java-Grande-JMH","49091708276efbe758c84f15a0261439b2974ff9","1522533600","1.19","1.7","","cz.sparko.javagrandejmh.v2.section1.CreateBenchSingle","objectSimple","","","","","","","BOTH_UNSET","BOTH_UNSET","BOTH_UNSET","","","","","","","BOTH_UNSET","BOTH_UNSET","BOTH_UNSET","","","","","","","","","","","","","","","","","","","1","org.openjdk.jmh.infra.Blackhole","1","0","0","true","false","false","false","false","","","0","0","0","","false","d84445e72b03fa9a4fb3f9a1834229bef37742becba3bf6ce5ed2d769aceb3b6","3"
"sparkoo/Java-Grande-JMH","49091708276efbe758c84f15a0261439b2974ff9","1522533600","1.19","1.7","","cz.sparko.javagrandejmh.v2.section1.CreateBenchSingle","objectSimpleConstructor","","","","","","","BOTH_UNSET","BOTH_UNSET","BOTH_UNSET","","","","","","","BOTH_UNSET","BOTH_UNSET","BOTH_UNSET","","","","","","","","","","","","","","","","","","","1","org.openjdk.jmh.infra.Blackhole","1","0","0","true","false","false","false","false","","","0","0","0","","false","10d452358ea64e598178717f1f72d37e7a335d29f1830ea7267c91e44f2aa9be","3"
"sparkoo/Java-Grande-JMH","49091708276efbe758c84f15a0261439b2974ff9","1522533600","1.19","1.7","","cz.sparko.javagrandejmh.v2.section1.CreateBenchSingle","objectSimple1Field","","","","","","","BOTH_UNSET","BOTH_UNSET","BOTH_UNSET","","","","","","","BOTH_UNSET","BOTH_UNSET","BOTH_UNSET","","","","","","","","","","","","","","","","","","","1","org.openjdk.jmh.infra.Blackhole","1","0","0","true","false","false","false","false","","","0","0","0","","false","82d243b46b01597f0aafb0c926762fc7bbad3aad4ba99914b7a52e4df0397760","3"
"sparkoo/Java-Grande-JMH","49091708276efbe758c84f15a0261439b2974ff9","1522533600","1.19","1.7","","cz.sparko.javagrandejmh.v2.section1.CreateBenchSingle","objectSimple2Field","","","","","","","BOTH_UNSET","BOTH_UNSET","BOTH_UNSET","","","","","","","BOTH_UNSET","BOTH_UNSET","BOTH_UNSET","","","","","","","","","","","","","","","","","","","1","org.openjdk.jmh.infra.Blackhole","1","0","0","true","false","false","false","false","","","0","0","0","","false","547a56c19638b41ea24411c340c6523ae130b5cc3299ff714837b63664cdbe5e","3"
"sparkoo/Java-Grande-JMH","49091708276efbe758c84f15a0261439b2974ff9","1522533600","1.19","1.7","","cz.sparko.javagrandejmh.v2.section1.CreateBenchSingle","objectSimple4Field","","","","","","","BOTH_UNSET","BOTH_UNSET","BOTH_UNSET","","","","","","","BOTH_UNSET","BOTH_UNSET","BOTH_UNSET","","","","","","","","","","","","","","","","","","","1","org.openjdk.jmh.infra.Blackhole","1","0","0","true","false","false","false","false","","","0","0","0","","false","1a2fcc688708711003480cdc87c65932e58136aa1c4547f0823a09d2bb1e50da","3"
"sparkoo/Java-Grande-JMH","49091708276efbe758c84f15a0261439b2974ff9","1522533600","1.19","1.7","","cz.sparko.javagrandejmh.v2.section1.CreateBenchSingle","objectSimple4fField","","","","","","","BOTH_UNSET","BOTH_UNSET","BOTH_UNSET","","","","","","","BOTH_UNSET","BOTH_UNSET","BOTH_UNSET","","","","","","","","","","","","","","","","","","","1","org.openjdk.jmh.infra.Blackhole","1","0","0","true","false","false","false","false","","","0","0","0","","false","3ff1dfc42971a9ab17e16977580097546d19b082059ab675cf0ab4b87afba7a0","3"
"sparkoo/Java-Grande-JMH","49091708276efbe758c84f15a0261439b2974ff9","1522533600","1.19","1.7","","cz.sparko.javagrandejmh.v2.section1.CreateBenchSingle","objectSimple4LField","","","","","","","BOTH_UNSET","BOTH_UNSET","BOTH_UNSET","","","","","","","BOTH_UNSET","BOTH_UNSET","BOTH_UNSET","","","","","","","","","","","","","","","","","","","1","org.openjdk.jmh.infra.Blackhole","1","0","0","true","false","false","false","false","","","0","0","0","","false","385e80308d5598f98c5e780cb91e5890c020d9f195cd2a6e97b452513a5aebd9","3"
"sparkoo/Java-Grande-JMH","49091708276efbe758c84f15a0261439b2974ff9","1522533600","1.19","1.7","","cz.sparko.javagrandejmh.v2.section1.CreateBenchSingle","objectSublclass","","","","","","","BOTH_UNSET","BOTH_UNSET","BOTH_UNSET","","","","","","","BOTH_UNSET","BOTH_UNSET","BOTH_UNSET","","","","","","","","","","","","","","","","","","","1","org.openjdk.jmh.infra.Blackhole","1","0","0","true","false","false","false","false","","","0","0","0","","false","78808cdd2455545a6dc68bb6a54f4f302afa52e56b32b22d2887790ddcb4227e","3"
"sparkoo/Java-Grande-JMH","49091708276efbe758c84f15a0261439b2974ff9","1522533600","1.19","1.7","","cz.sparko.javagrandejmh.v2.section1.CreateBenchSingle","objectComplex","","","","","","","BOTH_UNSET","BOTH_UNSET","BOTH_UNSET","","","","","","","BOTH_UNSET","BOTH_UNSET","BOTH_UNSET","","","","","","","","","","","","","","","","","","","1","org.openjdk.jmh.infra.Blackhole","1","0","0","true","false","false","false","false","","","0","0","0","","false","d5817eed7cdb2f4899014f979edba29aa16c540d4128d0e74416aba81d6b4544","3"
"sparkoo/Java-Grande-JMH","49091708276efbe758c84f15a0261439b2974ff9","1522533600","1.19","1.7","","cz.sparko.javagrandejmh.v2.section1.CreateBenchSingle","objectComplexConstructor","","","","","","","BOTH_UNSET","BOTH_UNSET","BOTH_UNSET","","","","","","","BOTH_UNSET","BOTH_UNSET","BOTH_UNSET","","","","","","","","","","","","","","","","","","","1","org.openjdk.jmh.infra.Blackhole","1","0","0","true","false","false","false","false","","","0","0","0","","false","d1cad3696996c451f1271e941bfa744623d88a99386b07eef6787faddcacf968","3"
"sparkoo/Java-Grande-JMH","49091708276efbe758c84f15a0261439b2974ff9","1522533600","1.19","1.7","","cz.sparko.javagrandejmh.v2.section1.SerialBenchBinaryTreeRead","readingBinaryTree","","","","","","","BOTH_UNSET","BOTH_UNSET","BOTH_UNSET","","","","","","","BOTH_UNSET","BOTH_UNSET","BOTH_UNSET","","","","","","","","","","","","","","","","","","","1","","0","0","0","false","false","false","false","false","","","0","0","0","","false","923e7483b800d3dc06d3070459eedbf1d51719ca53a4339baf974588519bee61","8"
"sparkoo/Java-Grande-JMH","49091708276efbe758c84f15a0261439b2974ff9","1522533600","1.19","1.7","","cz.sparko.javagrandejmh.v2.section1.SerialBenchArrayWrite","writingArray","","","","","","","BOTH_UNSET","BOTH_UNSET","BOTH_UNSET","","","","","","","BOTH_UNSET","BOTH_UNSET","BOTH_UNSET","","","","","","","","","","","","","","","","","","","1","","0","0","0","false","false","false","false","false","","","0","0","0","","false","a7d9ff1c5f7658e50e1843ea3ad7c18677e8781dd6d6440752b01158a64d0843","8"
"sparkoo/Java-Grande-JMH","49091708276efbe758c84f15a0261439b2974ff9","1522533600","1.19","1.7","","cz.sparko.javagrandejmh.v2.section1.ArithBench","addInt","","","","","","","BOTH_UNSET","BOTH_UNSET","BOTH_UNSET","","","","","","","BOTH_UNSET","BOTH_UNSET","BOTH_UNSET","","","","","","","","","","","","","","","","","","","1","","0","0","0","false","false","false","false","false","","","0","0","0","int","false","52bf6fe6e0395d0a2abc29586de802af531bdaf2bcaed4713713e5bf93d7240c","7"
"sparkoo/Java-Grande-JMH","49091708276efbe758c84f15a0261439b2974ff9","1522533600","1.19","1.7","","cz.sparko.javagrandejmh.v2.section1.ArithBench","addLong","","","","","","","BOTH_UNSET","BOTH_UNSET","BOTH_UNSET","","","","","","","BOTH_UNSET","BOTH_UNSET","BOTH_UNSET","","","","","","","","","","","","","","","","","","","1","","0","0","0","false","false","false","false","false","","","0","0","0","long","false","53392bbb55dc72f1df61b354b99b2281f158605c08c8f7a6be4c67d085d513e0","7"
"sparkoo/Java-Grande-JMH","49091708276efbe758c84f15a0261439b2974ff9","1522533600","1.19","1.7","","cz.sparko.javagrandejmh.v2.section1.ArithBench","addFloat","","","","","","","BOTH_UNSET","BOTH_UNSET","BOTH_UNSET","","","","","","","BOTH_UNSET","BOTH_UNSET","BOTH_UNSET","","","","","","","","","","","","","","","","","","","1","","0","0","0","false","false","false","false","false","","","0","0","0","float","false","397b2ec3dac0008e5fc26db804b400a9a07a3c62f6617fcffca58c6702ec3769","7"
"sparkoo/Java-Grande-JMH","49091708276efbe758c84f15a0261439b2974ff9","1522533600","1.19","1.7","","cz.sparko.javagrandejmh.v2.section1.ArithBench","addDouble","","","","","","","BOTH_UNSET","BOTH_UNSET","BOTH_UNSET","","","","","","","BOTH_UNSET","BOTH_UNSET","BOTH_UNSET","","","","","","","","","","","","","","","","","","","1","","0","0","0","false","false","false","false","false","","","0","0","0","double","false","532132c04ad8a341edd7c8157e8fc5a7d7d2363058e401e62582192b29bc2384","7"
"sparkoo/Java-Grande-JMH","49091708276efbe758c84f15a0261439b2974ff9","1522533600","1.19","1.7","","cz.sparko.javagrandejmh.v2.section1.ArithBench","multiplyInt","","","","","","","BOTH_UNSET","BOTH_UNSET","BOTH_UNSET","","","","","","","BOTH_UNSET","BOTH_UNSET","BOTH_UNSET","","","","","","","","","","","","","","","","","","","1","","0","0","0","false","false","false","false","false","","","0","0","0","int","false","e83ef815892569f41824dfda30d9fb6f98bf98c950c94615064ccbb9828ef8c6","7"
"sparkoo/Java-Grande-JMH","49091708276efbe758c84f15a0261439b2974ff9","1522533600","1.19","1.7","","cz.sparko.javagrandejmh.v2.section1.ArithBench","multiplyLong","","","","","","","BOTH_UNSET","BOTH_UNSET","BOTH_UNSET","","","","","","","BOTH_UNSET","BOTH_UNSET","BOTH_UNSET","","","","","","","","","","","","","","","","","","","1","","0","0","0","false","false","false","false","false","","","0","0","0","long","false","a958bd53179c608a0637436b40b472bca825665246aecb1f42ef1e8002511860","7"
"sparkoo/Java-Grande-JMH","49091708276efbe758c84f15a0261439b2974ff9","1522533600","1.19","1.7","","cz.sparko.javagrandejmh.v2.section1.ArithBench","multiplyFloat","","","","","","","BOTH_UNSET","BOTH_UNSET","BOTH_UNSET","","","","","","","BOTH_UNSET","BOTH_UNSET","BOTH_UNSET","","","","","","","","","","","","","","","","","","","1","","0","0","0","false","false","false","false","false","","","0","0","0","float","false","98eeedce60f073baa362c57c15d8cd67e4a6021fa758e962dd0f41128c57810c","5"
"sparkoo/Java-Grande-JMH","49091708276efbe758c84f15a0261439b2974ff9","1522533600","1.19","1.7","","cz.sparko.javagrandejmh.v2.section1.ArithBench","multiplyDouble","","","","","","","BOTH_UNSET","BOTH_UNSET","BOTH_UNSET","","","","","","","BOTH_UNSET","BOTH_UNSET","BOTH_UNSET","","","","","","","","","","","","","","","","","","","1","","0","0","0","false","false","false","false","false","","","0","0","0","double","false","c3aef4d5e9a13c25ccf18f3371f337239bdee1af9cfa9815c6e193021833d0e4","5"
"sparkoo/Java-Grande-JMH","49091708276efbe758c84f15a0261439b2974ff9","1522533600","1.19","1.7","","cz.sparko.javagrandejmh.v2.section1.ArithBench","divideInt","","","","","","","BOTH_UNSET","BOTH_UNSET","BOTH_UNSET","","","","","","","BOTH_UNSET","BOTH_UNSET","BOTH_UNSET","","","","","","","","","","","","","","","","","","","1","","0","0","0","false","false","false","false","false","","","0","0","0","int","false","bffac11ddd4df14ad61c6be38370b44d0b2fe52964c0bcc80aff2cb736fe1f43","7"
"sparkoo/Java-Grande-JMH","49091708276efbe758c84f15a0261439b2974ff9","1522533600","1.19","1.7","","cz.sparko.javagrandejmh.v2.section1.ArithBench","divideLong","","","","","","","BOTH_UNSET","BOTH_UNSET","BOTH_UNSET","","","","","","","BOTH_UNSET","BOTH_UNSET","BOTH_UNSET","","","","","","","","","","","","","","","","","","","1","","0","0","0","false","false","false","false","false","","","0","0","0","long","false","8b2bd111ebbac24d1755fa4f36229cbc84cc726961a9f3c90f3f9edda7e7619e","7"
"sparkoo/Java-Grande-JMH","49091708276efbe758c84f15a0261439b2974ff9","1522533600","1.19","1.7","","cz.sparko.javagrandejmh.v2.section1.ArithBench","divideFloat","","","","","","","BOTH_UNSET","BOTH_UNSET","BOTH_UNSET","","","","","","","BOTH_UNSET","BOTH_UNSET","BOTH_UNSET","","","","","","","","","","","","","","","","","","","1","","0","0","0","false","false","false","false","false","","","0","0","0","float","false","fb85b181c7a2fe0c66d37c94e087e50e83911f97b17c49982debbe454daa48f2","5"
"sparkoo/Java-Grande-JMH","49091708276efbe758c84f15a0261439b2974ff9","1522533600","1.19","1.7","","cz.sparko.javagrandejmh.v2.section1.ArithBench","divideDouble","","","","","","","BOTH_UNSET","BOTH_UNSET","BOTH_UNSET","","","","","","","BOTH_UNSET","BOTH_UNSET","BOTH_UNSET","","","","","","","","","","","","","","","","","","","1","","0","0","0","false","false","false","false","false","","","0","0","0","double","false","5d1231d9003be3babaad5eb1e6194d89ab070aa790e2420e9dadc522be55f592","5"
"sparkoo/Java-Grande-JMH","49091708276efbe758c84f15a0261439b2974ff9","1522533600","1.19","1.7","","cz.sparko.javagrandejmh.v2.section1.SerialBenchBinaryTreeWrite","writingBinaryTree","","","","","","","BOTH_UNSET","BOTH_UNSET","BOTH_UNSET","","","","","","","BOTH_UNSET","BOTH_UNSET","BOTH_UNSET","","","","","","","","","","","","","","","","","","","1","","0","0","0","false","false","false","false","false","","","0","0","0","","false","4bce169f383de13369b4b0a1eab4a2e93078d1f603f5cb3e913c680eb455cf5a","8"
"sparkoo/Java-Grande-JMH","49091708276efbe758c84f15a0261439b2974ff9","1522533600","1.19","1.7","","cz.sparko.javagrandejmh.v2.section1.SerialBenchVectorWrite","writingVector","","","","","","","BOTH_UNSET","BOTH_UNSET","BOTH_UNSET","","","","","","","BOTH_UNSET","BOTH_UNSET","BOTH_UNSET","","","","","","","","","","","","","","","","","","","1","","0","0","0","false","false","false","false","false","","","0","0","0","","false","3311dfe1909b0de3e2bc2378f21029dd0d05e2ae47c58579f67f41c1ced0b2da","8"
"sparkoo/Java-Grande-JMH","49091708276efbe758c84f15a0261439b2974ff9","1522533600","1.19","1.7","","cz.sparko.javagrandejmh.v2.section1.LoopBench","forLoop","","","","","","","BOTH_UNSET","BOTH_UNSET","BOTH_UNSET","","","","","","","BOTH_UNSET","BOTH_UNSET","BOTH_UNSET","","","","","","","","","","","","","","","","","","","1","org.openjdk.jmh.infra.Blackhole","1","0","0","true","false","false","false","false","","","0","0","0","","false","41103d6d5dae258788acdd4baf621ad377e011d42c15c4bc497c6b93f28ffdcf","3"
"sparkoo/Java-Grande-JMH","49091708276efbe758c84f15a0261439b2974ff9","1522533600","1.19","1.7","","cz.sparko.javagrandejmh.v2.section1.LoopBench","reverseForLoop","","","","","","","BOTH_UNSET","BOTH_UNSET","BOTH_UNSET","","","","","","","BOTH_UNSET","BOTH_UNSET","BOTH_UNSET","","","","","","","","","","","","","","","","","","","1","org.openjdk.jmh.infra.Blackhole","1","0","0","true","false","false","false","false","","","0","0","0","","false","04aa25c4d169e9ee5d97885e663370230bb4629c031a5c9c80cc93535efc190c","3"
"sparkoo/Java-Grande-JMH","49091708276efbe758c84f15a0261439b2974ff9","1522533600","1.19","1.7","","cz.sparko.javagrandejmh.v2.section1.LoopBench","whileLoop","","","","","","","BOTH_UNSET","BOTH_UNSET","BOTH_UNSET","","","","","","","BOTH_UNSET","BOTH_UNSET","BOTH_UNSET","","","","","","","","","","","","","","","","","","","1","org.openjdk.jmh.infra.Blackhole","1","0","0","true","false","false","false","false","","","0","0","0","","false","823bad468e740071e934bcda34b206c8d755954d9f4960a31f604a149b08fa55","4"
"sparkoo/Java-Grande-JMH","49091708276efbe758c84f15a0261439b2974ff9","1522533600","1.19","1.7","","cz.sparko.javagrandejmh.v2.section1.MethodBench","sameInstance","","","","","","","BOTH_UNSET","BOTH_UNSET","BOTH_UNSET","","","","","","","BOTH_UNSET","BOTH_UNSET","BOTH_UNSET","","","","","","","","","","","","","","","","","","","1","org.openjdk.jmh.infra.Blackhole","1","0","0","true","false","false","false","false","","","0","0","0","","false","1f4024fe11f0c6af814de9ba8af0e34c80d531456ca46e15d3c1bf7182a772f9","3"
"sparkoo/Java-Grande-JMH","49091708276efbe758c84f15a0261439b2974ff9","1522533600","1.19","1.7","","cz.sparko.javagrandejmh.v2.section1.MethodBench","sameSynchronizedInstance","","","","","","","BOTH_UNSET","BOTH_UNSET","BOTH_UNSET","","","","","","","BOTH_UNSET","BOTH_UNSET","BOTH_UNSET","","","","","","","","","","","","","","","","","","","1","org.openjdk.jmh.infra.Blackhole","1","0","0","true","false","false","false","false","","","0","0","0","","false","370b2a754388d415dda7a8ff9a75e2260909302babdd9491cd8b76cac6b493be","3"
"sparkoo/Java-Grande-JMH","49091708276efbe758c84f15a0261439b2974ff9","1522533600","1.19","1.7","","cz.sparko.javagrandejmh.v2.section1.MethodBench","sameFinalInstance","","","","","","","BOTH_UNSET","BOTH_UNSET","BOTH_UNSET","","","","","","","BOTH_UNSET","BOTH_UNSET","BOTH_UNSET","","","","","","","","","","","","","","","","","","","1","org.openjdk.jmh.infra.Blackhole","1","0","0","true","false","false","false","false","","","0","0","0","","false","cb7328598935ede02bbe3d293aeba899dae2f768cc0c9edc3184cbc5e90fa373","3"
"sparkoo/Java-Grande-JMH","49091708276efbe758c84f15a0261439b2974ff9","1522533600","1.19","1.7","","cz.sparko.javagrandejmh.v2.section1.MethodBench","sameClass","","","","","","","BOTH_UNSET","BOTH_UNSET","BOTH_UNSET","","","","","","","BOTH_UNSET","BOTH_UNSET","BOTH_UNSET","","","","","","","","","","","","","","","","","","","1","org.openjdk.jmh.infra.Blackhole","1","0","0","true","false","false","false","false","","","0","0","0","","false","cc3d0b60a5fc70cce6cd5ab9769001b02f139d91ac1c8aef70ab4294d9e00050","3"
"sparkoo/Java-Grande-JMH","49091708276efbe758c84f15a0261439b2974ff9","1522533600","1.19","1.7","","cz.sparko.javagrandejmh.v2.section1.MethodBench","sameSynchronizedClass","","","","","","","BOTH_UNSET","BOTH_UNSET","BOTH_UNSET","","","","","","","BOTH_UNSET","BOTH_UNSET","BOTH_UNSET","","","","","","","","","","","","","","","","","","","1","org.openjdk.jmh.infra.Blackhole","1","0","0","true","false","false","false","false","","","0","0","0","","false","59de771e77a60447fcdd3db8d1317bb480c99ddad2e58ce453d673fc5ce97c89","3"
"sparkoo/Java-Grande-JMH","49091708276efbe758c84f15a0261439b2974ff9","1522533600","1.19","1.7","","cz.sparko.javagrandejmh.v2.section1.MethodBench","otherInstance","","","","","","","BOTH_UNSET","BOTH_UNSET","BOTH_UNSET","","","","","","","BOTH_UNSET","BOTH_UNSET","BOTH_UNSET","","","","","","","","","","","","","","","","","","","1","org.openjdk.jmh.infra.Blackhole","1","0","0","true","false","false","false","false","","","0","0","0","","false","1676b770d7a8151a1fea129aefc66c1b79c24dc61dfdc83adcbc4dc4e6f25e44","3"
"sparkoo/Java-Grande-JMH","49091708276efbe758c84f15a0261439b2974ff9","1522533600","1.19","1.7","","cz.sparko.javagrandejmh.v2.section1.MethodBench","otherInstanceOfAbstract","","","","","","","BOTH_UNSET","BOTH_UNSET","BOTH_UNSET","","","","","","","BOTH_UNSET","BOTH_UNSET","BOTH_UNSET","","","","","","","","","","","","","","","","","","","1","org.openjdk.jmh.infra.Blackhole","1","0","0","true","false","false","false","false","","","0","0","0","","false","74f480a75c7bd83418dc02b5ab55e73627aaf1faacbc1a282d09bfdc6af5f2cb","3"
"sparkoo/Java-Grande-JMH","49091708276efbe758c84f15a0261439b2974ff9","1522533600","1.19","1.7","","cz.sparko.javagrandejmh.v2.section1.MethodBench","otherClass","","","","","","","BOTH_UNSET","BOTH_UNSET","BOTH_UNSET","","","","","","","BOTH_UNSET","BOTH_UNSET","BOTH_UNSET","","","","","","","","","","","","","","","","","","","1","org.openjdk.jmh.infra.Blackhole","1","0","0","true","false","false","false","false","","","0","0","0","","false","8044c6e3432212bbfbfc4856f68b119ec2f9574bc4ac174a61f4c4e018b41f26","3"
"sparkoo/Java-Grande-JMH","49091708276efbe758c84f15a0261439b2974ff9","1522533600","1.19","1.7","","cz.sparko.javagrandejmh.v2.section1.AssignBench","sameScalarLocal","","","","","","","BOTH_UNSET","BOTH_UNSET","BOTH_UNSET","","","","","","","BOTH_UNSET","BOTH_UNSET","BOTH_UNSET","","","","","","","","","","","","","","","","","","","1","","0","0","0","false","false","false","false","false","","","0","0","0","int","false","7b222e85676c3a1f40d6690462e58a03b6a8ef37a87873e0b534778a25e770d7","8"
"sparkoo/Java-Grande-JMH","49091708276efbe758c84f15a0261439b2974ff9","1522533600","1.19","1.7","","cz.sparko.javagrandejmh.v2.section1.AssignBench","sameScalarInstance","","","","","","","BOTH_UNSET","BOTH_UNSET","BOTH_UNSET","","","","","","","BOTH_UNSET","BOTH_UNSET","BOTH_UNSET","","","","","","","","","","","","","","","","","","","1","","0","0","0","false","false","false","false","false","","","0","0","0","int","false","aaea9762d8208f352287a179500c4c29f359a6132f3f7a847f6bddaecb865860","7"
"sparkoo/Java-Grande-JMH","49091708276efbe758c84f15a0261439b2974ff9","1522533600","1.19","1.7","","cz.sparko.javagrandejmh.v2.section1.AssignBench","sameScalarClass","","","","","","","BOTH_UNSET","BOTH_UNSET","BOTH_UNSET","","","","","","","BOTH_UNSET","BOTH_UNSET","BOTH_UNSET","","","","","","","","","","","","","","","","","","","1","","0","0","0","false","false","false","false","false","","","0","0","0","int","false","6cc7753883acac4ac43a7b6eebeb6aa4b46abeb622f39ae8e7425696c522c64a","7"
"sparkoo/Java-Grande-JMH","49091708276efbe758c84f15a0261439b2974ff9","1522533600","1.19","1.7","","cz.sparko.javagrandejmh.v2.section1.AssignBench","sameArrayLocal","","","","","","","BOTH_UNSET","BOTH_UNSET","BOTH_UNSET","","","","","","","BOTH_UNSET","BOTH_UNSET","BOTH_UNSET","","","","","","","","","","","","","","","","","","","1","","0","0","0","false","false","false","false","false","","","0","0","0","int[]","false","f698f60c474aaa8ac87385e727aeba6086f02f8764eb99b0d866f8213d13af1e","8"
"sparkoo/Java-Grande-JMH","49091708276efbe758c84f15a0261439b2974ff9","1522533600","1.19","1.7","","cz.sparko.javagrandejmh.v2.section1.AssignBench","sameArrayInstance","","","","","","","BOTH_UNSET","BOTH_UNSET","BOTH_UNSET","","","","","","","BOTH_UNSET","BOTH_UNSET","BOTH_UNSET","","","","","","","","","","","","","","","","","","","1","","0","0","0","false","false","false","false","false","","","0","0","0","int[]","false","bcdc455f88ad4222e0d4cee4a8d73653a09b94a2ee769a68696938c2644d3a04","7"
"sparkoo/Java-Grande-JMH","49091708276efbe758c84f15a0261439b2974ff9","1522533600","1.19","1.7","","cz.sparko.javagrandejmh.v2.section1.AssignBench","sameArrayClass","","","","","","","BOTH_UNSET","BOTH_UNSET","BOTH_UNSET","","","","","","","BOTH_UNSET","BOTH_UNSET","BOTH_UNSET","","","","","","","","","","","","","","","","","","","1","","0","0","0","false","false","false","false","false","","","0","0","0","int[]","false","f846a634f85ffe6659ffe8a3e2a457ba873e15ff1efc19cddfc72d348b91b7cb","7"
"sparkoo/Java-Grande-JMH","49091708276efbe758c84f15a0261439b2974ff9","1522533600","1.19","1.7","","cz.sparko.javagrandejmh.v2.section1.AssignBench","otherScalarInstance","","","","","","","BOTH_UNSET","BOTH_UNSET","BOTH_UNSET","","","","","","","BOTH_UNSET","BOTH_UNSET","BOTH_UNSET","","","","","","","","","","","","","","","","","","","1","","0","0","0","false","false","false","false","false","","","0","0","0","int","false","80f87b5d5d7268bd2e20e7ddc6ad6cd6cc03018f42b080f8ed7842a4d45285fd","8"
"sparkoo/Java-Grande-JMH","49091708276efbe758c84f15a0261439b2974ff9","1522533600","1.19","1.7","","cz.sparko.javagrandejmh.v2.section1.AssignBench","otherScalarClass","","","","","","","BOTH_UNSET","BOTH_UNSET","BOTH_UNSET","","","","","","","BOTH_UNSET","BOTH_UNSET","BOTH_UNSET","","","","","","","","","","","","","","","","","","","1","","0","0","0","false","false","false","false","false","","","0","0","0","int","false","ff637805108e94ea9fb7d17f318f49720c11a1e24540528f2c24502b480551c5","7"
"sparkoo/Java-Grande-JMH","49091708276efbe758c84f15a0261439b2974ff9","1522533600","1.19","1.7","","cz.sparko.javagrandejmh.v2.section1.AssignBench","otherArrayInstance","","","","","","","BOTH_UNSET","BOTH_UNSET","BOTH_UNSET","","","","","","","BOTH_UNSET","BOTH_UNSET","BOTH_UNSET","","","","","","","","","","","","","","","","","","","1","","0","0","0","false","false","false","false","false","","","0","0","0","int","false","170060464ec4bedf80a0d46decdb9048b604e365000885bba2f98beb8144ce63","8"
"sparkoo/Java-Grande-JMH","49091708276efbe758c84f15a0261439b2974ff9","1522533600","1.19","1.7","","cz.sparko.javagrandejmh.v2.section1.AssignBench","otherArrayClass","","","","","","","BOTH_UNSET","BOTH_UNSET","BOTH_UNSET","","","","","","","BOTH_UNSET","BOTH_UNSET","BOTH_UNSET","","","","","","","","","","","","","","","","","","","1","","0","0","0","false","false","false","false","false","","","0","0","0","int","false","efaadfe66eed1bde88113d22cce12f2eb8ca8130e0ea61d686f02b945fdd6d0e","7"
