"maliqq/netty","73306e017dfe0b7c969551266964ac9c5418c5aa","1476448287","1.14.1","1.7","1.7","io.netty.microbench.buffer.ByteBufAllocatorBenchmark","unpooledHeapAllocAndFree","","","","","","","BOTH_UNSET","BOTH_UNSET","BOTH_UNSET","","","","","","","BOTH_UNSET","BOTH_UNSET","BOTH_UNSET","","","","","","","","","","","","","","","","","","","6","","0","0","0","false","false","false","false","false","size=io.netty.microbench.buffer.ByteBufAllocatorBenchmark","size=00000&size=00256&size=01024&size=04096&size=16384&size=65536","1","1","0","","false","1aeac5ed023bfbea17007619d62f90181b4a6b906796bce1e066866d82683684"
"maliqq/netty","73306e017dfe0b7c969551266964ac9c5418c5aa","1476448287","1.14.1","1.7","1.7","io.netty.microbench.buffer.ByteBufAllocatorBenchmark","unpooledDirectAllocAndFree","","","","","","","BOTH_UNSET","BOTH_UNSET","BOTH_UNSET","","","","","","","BOTH_UNSET","BOTH_UNSET","BOTH_UNSET","","","","","","","","","","","","","","","","","","","6","","0","0","0","false","false","false","false","false","size=io.netty.microbench.buffer.ByteBufAllocatorBenchmark","size=00000&size=00256&size=01024&size=04096&size=16384&size=65536","1","1","0","","false","9d263effcfad5a37d75130d48ee42b9087fba1fe93d82aeea1c9c977711df300"
"maliqq/netty","73306e017dfe0b7c969551266964ac9c5418c5aa","1476448287","1.14.1","1.7","1.7","io.netty.microbench.buffer.ByteBufAllocatorBenchmark","pooledHeapAllocAndFree","","","","","","","BOTH_UNSET","BOTH_UNSET","BOTH_UNSET","","","","","","","BOTH_UNSET","BOTH_UNSET","BOTH_UNSET","","","","","","","","","","","","","","","","","","","6","","0","0","0","false","false","false","false","false","size=io.netty.microbench.buffer.ByteBufAllocatorBenchmark","size=00000&size=00256&size=01024&size=04096&size=16384&size=65536","1","1","0","","false","37a9b2b18e23f947cde568f883ddcea2805fba337bccf69c136196301be08964"
"maliqq/netty","73306e017dfe0b7c969551266964ac9c5418c5aa","1476448287","1.14.1","1.7","1.7","io.netty.microbench.buffer.ByteBufAllocatorBenchmark","pooledDirectAllocAndFree","","","","","","","BOTH_UNSET","BOTH_UNSET","BOTH_UNSET","","","","","","","BOTH_UNSET","BOTH_UNSET","BOTH_UNSET","","","","","","","","","","","","","","","","","","","6","","0","0","0","false","false","false","false","false","size=io.netty.microbench.buffer.ByteBufAllocatorBenchmark","size=00000&size=00256&size=01024&size=04096&size=16384&size=65536","1","1","0","","false","36c2109b90a01762f443c0172b2ec888b182903679a714e9fd624e83f2773d74"
"maliqq/netty","73306e017dfe0b7c969551266964ac9c5418c5aa","1476448287","1.14.1","1.7","1.7","io.netty.microbench.buffer.ByteBufAllocatorBenchmark","defaultPooledHeapAllocAndFree","","","","","","","BOTH_UNSET","BOTH_UNSET","BOTH_UNSET","","","","","","","BOTH_UNSET","BOTH_UNSET","BOTH_UNSET","","","","","","","","","","","","","","","","","","","6","","0","0","0","false","false","false","false","false","size=io.netty.microbench.buffer.ByteBufAllocatorBenchmark","size=00000&size=00256&size=01024&size=04096&size=16384&size=65536","1","1","0","","false","4cdda64250dc94eadae7879c454c867179a2902a8150921cb2bda752506ab9ac"
"maliqq/netty","73306e017dfe0b7c969551266964ac9c5418c5aa","1476448287","1.14.1","1.7","1.7","io.netty.microbench.buffer.ByteBufAllocatorBenchmark","defaultPooledDirectAllocAndFree","","","","","","","BOTH_UNSET","BOTH_UNSET","BOTH_UNSET","","","","","","","BOTH_UNSET","BOTH_UNSET","BOTH_UNSET","","","","","","","","","","","","","","","","","","","6","","0","0","0","false","false","false","false","false","size=io.netty.microbench.buffer.ByteBufAllocatorBenchmark","size=00000&size=00256&size=01024&size=04096&size=16384&size=65536","1","1","0","","false","ee51935bf70dd17b3fbacca691ee9d5258a52d38155ad058bdabf8415458dd28"
"maliqq/netty","73306e017dfe0b7c969551266964ac9c5418c5aa","1476448287","1.14.1","1.7","1.7","io.netty.microbench.buffer.SwappedByteBufBenchmark","swappedByteBufSetInt","10","10","","","","","BOTH_UNSET","BOTH_UNSET","BOTH_UNSET","25","25","","","","","BOTH_UNSET","BOTH_UNSET","BOTH_UNSET","","","","","","","","","","","","","","","","","","","1","","0","0","0","false","false","false","false","false","size=io.netty.microbench.buffer.SwappedByteBufBenchmark","size=16384","1","1","0","","false","dfaeb7fa2687e8390417e004c4838284135bc2d262b521a9ac71b20df232e0eb"
"maliqq/netty","73306e017dfe0b7c969551266964ac9c5418c5aa","1476448287","1.14.1","1.7","1.7","io.netty.microbench.buffer.SwappedByteBufBenchmark","swappedByteBufSetShort","10","10","","","","","BOTH_UNSET","BOTH_UNSET","BOTH_UNSET","25","25","","","","","BOTH_UNSET","BOTH_UNSET","BOTH_UNSET","","","","","","","","","","","","","","","","","","","1","","0","0","0","false","false","false","false","false","size=io.netty.microbench.buffer.SwappedByteBufBenchmark","size=16384","1","1","0","","false","6936bd52d0876ca2d83ed273852b8815b79078ad637ad8e3e44f3bf3371c02be"
"maliqq/netty","73306e017dfe0b7c969551266964ac9c5418c5aa","1476448287","1.14.1","1.7","1.7","io.netty.microbench.buffer.SwappedByteBufBenchmark","swappedByteBufSetLong","10","10","","","","","BOTH_UNSET","BOTH_UNSET","BOTH_UNSET","25","25","","","","","BOTH_UNSET","BOTH_UNSET","BOTH_UNSET","","","","","","","","","","","","","","","","","","","1","","0","0","0","false","false","false","false","false","size=io.netty.microbench.buffer.SwappedByteBufBenchmark","size=16384","1","1","0","","false","91076a89b05633cbb0498b1d4d5ddb956f472cc475cdb2b6c7ffe13093ebbfaf"
"maliqq/netty","73306e017dfe0b7c969551266964ac9c5418c5aa","1476448287","1.14.1","1.7","1.7","io.netty.microbench.buffer.SwappedByteBufBenchmark","unsafeSwappedByteBufSetInt","10","10","","","","","BOTH_UNSET","BOTH_UNSET","BOTH_UNSET","25","25","","","","","BOTH_UNSET","BOTH_UNSET","BOTH_UNSET","","","","","","","","","","","","","","","","","","","1","","0","0","0","false","false","false","false","false","size=io.netty.microbench.buffer.SwappedByteBufBenchmark","size=16384","1","1","0","","false","67defa14683436113a3f0cddcacf3b827692952d9b33fe81731454c9d81d3cfd"
"maliqq/netty","73306e017dfe0b7c969551266964ac9c5418c5aa","1476448287","1.14.1","1.7","1.7","io.netty.microbench.buffer.SwappedByteBufBenchmark","unsafeSwappedByteBufSetShort","10","10","","","","","BOTH_UNSET","BOTH_UNSET","BOTH_UNSET","25","25","","","","","BOTH_UNSET","BOTH_UNSET","BOTH_UNSET","","","","","","","","","","","","","","","","","","","1","","0","0","0","false","false","false","false","false","size=io.netty.microbench.buffer.SwappedByteBufBenchmark","size=16384","1","1","0","","false","fa8915cfd2e7ba3f327a633998556a521a3c82755ca8d9e250a40df0b5e5c3d0"
"maliqq/netty","73306e017dfe0b7c969551266964ac9c5418c5aa","1476448287","1.14.1","1.7","1.7","io.netty.microbench.buffer.SwappedByteBufBenchmark","unsafeSwappedByteBufSetLong","10","10","","","","","BOTH_UNSET","BOTH_UNSET","BOTH_UNSET","25","25","","","","","BOTH_UNSET","BOTH_UNSET","BOTH_UNSET","","","","","","","","","","","","","","","","","","","1","","0","0","0","false","false","false","false","false","size=io.netty.microbench.buffer.SwappedByteBufBenchmark","size=16384","1","1","0","","false","7cc8190339d9e736eb0c2453d4fb5ed9e409a9a0aa02d2e19025be0e577d84c5"
"maliqq/netty","73306e017dfe0b7c969551266964ac9c5418c5aa","1476448287","1.14.1","1.7","1.7","io.netty.microbench.buffer.ByteBufUtilBenchmark","writeAsciiStringViaArray","5","5","","","","","BOTH_UNSET","BOTH_UNSET","BOTH_UNSET","10","10","","","","","BOTH_UNSET","BOTH_UNSET","BOTH_UNSET","","","","","","","","","","","","","","","","","","","1","","0","0","0","false","false","false","false","false","","","0","0","0","","false","611f6a3df0d4651a52467d4560d6561c627798a5d34dd4e768adfafdd5f472b9"
"maliqq/netty","73306e017dfe0b7c969551266964ac9c5418c5aa","1476448287","1.14.1","1.7","1.7","io.netty.microbench.buffer.ByteBufUtilBenchmark","writeAsciiStringViaArrayWrapped","5","5","","","","","BOTH_UNSET","BOTH_UNSET","BOTH_UNSET","10","10","","","","","BOTH_UNSET","BOTH_UNSET","BOTH_UNSET","","","","","","","","","","","","","","","","","","","1","","0","0","0","false","false","false","false","false","","","0","0","0","","false","ea57e057652945c6179234a86f0f931b2d15e0cbf1cba0a091b321e1443c3ed2"
"maliqq/netty","73306e017dfe0b7c969551266964ac9c5418c5aa","1476448287","1.14.1","1.7","1.7","io.netty.microbench.buffer.ByteBufUtilBenchmark","writeAsciiString","5","5","","","","","BOTH_UNSET","BOTH_UNSET","BOTH_UNSET","10","10","","","","","BOTH_UNSET","BOTH_UNSET","BOTH_UNSET","","","","","","","","","","","","","","","","","","","1","","0","0","0","false","false","false","false","false","","","0","0","0","","false","054e5e67b56f8c471d09110a2988802e117c847a1b28a9f39aa37eeef7c42156"
"maliqq/netty","73306e017dfe0b7c969551266964ac9c5418c5aa","1476448287","1.14.1","1.7","1.7","io.netty.microbench.buffer.ByteBufUtilBenchmark","writeAsciiStringWrapped","5","5","","","","","BOTH_UNSET","BOTH_UNSET","BOTH_UNSET","10","10","","","","","BOTH_UNSET","BOTH_UNSET","BOTH_UNSET","","","","","","","","","","","","","","","","","","","1","","0","0","0","false","false","false","false","false","","","0","0","0","","false","f6f7f5aa22a884bbff00b67e828f9338a199d5ac41d58c83c68e1659fd07ae15"
"maliqq/netty","73306e017dfe0b7c969551266964ac9c5418c5aa","1476448287","1.14.1","1.7","1.7","io.netty.microbench.buffer.ByteBufUtilBenchmark","writeAsciiViaArray","5","5","","","","","BOTH_UNSET","BOTH_UNSET","BOTH_UNSET","10","10","","","","","BOTH_UNSET","BOTH_UNSET","BOTH_UNSET","","","","","","","","","","","","","","","","","","","1","","0","0","0","false","false","false","false","false","","","0","0","0","","false","e247902d5b4a89f409a362a4eb44e1735e7e8ef42104e46344b668710ac6b853"
"maliqq/netty","73306e017dfe0b7c969551266964ac9c5418c5aa","1476448287","1.14.1","1.7","1.7","io.netty.microbench.buffer.ByteBufUtilBenchmark","writeAsciiViaArrayWrapped","5","5","","","","","BOTH_UNSET","BOTH_UNSET","BOTH_UNSET","10","10","","","","","BOTH_UNSET","BOTH_UNSET","BOTH_UNSET","","","","","","","","","","","","","","","","","","","1","","0","0","0","false","false","false","false","false","","","0","0","0","","false","a50d1ce2833473f8ffdf7c9a5eb32d0fcc82bd1df5ffcbad0a75605389b1bfe1"
"maliqq/netty","73306e017dfe0b7c969551266964ac9c5418c5aa","1476448287","1.14.1","1.7","1.7","io.netty.microbench.buffer.ByteBufUtilBenchmark","writeAscii","5","5","","","","","BOTH_UNSET","BOTH_UNSET","BOTH_UNSET","10","10","","","","","BOTH_UNSET","BOTH_UNSET","BOTH_UNSET","","","","","","","","","","","","","","","","","","","1","","0","0","0","false","false","false","false","false","","","0","0","0","","false","54097c0fc054a85c6e4546a9ede4de5c3df9846122c80000b1f80c12640509ea"
"maliqq/netty","73306e017dfe0b7c969551266964ac9c5418c5aa","1476448287","1.14.1","1.7","1.7","io.netty.microbench.buffer.ByteBufUtilBenchmark","writeAsciiWrapped","5","5","","","","","BOTH_UNSET","BOTH_UNSET","BOTH_UNSET","10","10","","","","","BOTH_UNSET","BOTH_UNSET","BOTH_UNSET","","","","","","","","","","","","","","","","","","","1","","0","0","0","false","false","false","false","false","","","0","0","0","","false","7a2c688863aaa443105b6a8bd5f425388d38caee03135b953f5a8a41cd11e39d"
"maliqq/netty","73306e017dfe0b7c969551266964ac9c5418c5aa","1476448287","1.14.1","1.7","1.7","io.netty.microbench.buffer.ByteBufUtilBenchmark","writeUtf8StringViaArray","5","5","","","","","BOTH_UNSET","BOTH_UNSET","BOTH_UNSET","10","10","","","","","BOTH_UNSET","BOTH_UNSET","BOTH_UNSET","","","","","","","","","","","","","","","","","","","1","","0","0","0","false","false","false","false","false","","","0","0","0","","false","8169adbaabbaed1c01c024a1e836ec20609d89a946528b2c575ddb4d603a78b0"
"maliqq/netty","73306e017dfe0b7c969551266964ac9c5418c5aa","1476448287","1.14.1","1.7","1.7","io.netty.microbench.buffer.ByteBufUtilBenchmark","writeUtf8StringViaArrayWrapped","5","5","","","","","BOTH_UNSET","BOTH_UNSET","BOTH_UNSET","10","10","","","","","BOTH_UNSET","BOTH_UNSET","BOTH_UNSET","","","","","","","","","","","","","","","","","","","1","","0","0","0","false","false","false","false","false","","","0","0","0","","false","b8b7bd35c5ea6547187670e1b71f183be55e8b548079cc69ac12395d145eb286"
"maliqq/netty","73306e017dfe0b7c969551266964ac9c5418c5aa","1476448287","1.14.1","1.7","1.7","io.netty.microbench.buffer.ByteBufUtilBenchmark","writeUtf8String","5","5","","","","","BOTH_UNSET","BOTH_UNSET","BOTH_UNSET","10","10","","","","","BOTH_UNSET","BOTH_UNSET","BOTH_UNSET","","","","","","","","","","","","","","","","","","","1","","0","0","0","false","false","false","false","false","","","0","0","0","","false","99e19c676a6f252003637b55a43f0251f45520cbfa320ba33a79ad8a9a7ece36"
"maliqq/netty","73306e017dfe0b7c969551266964ac9c5418c5aa","1476448287","1.14.1","1.7","1.7","io.netty.microbench.buffer.ByteBufUtilBenchmark","writeUtf8StringWrapped","5","5","","","","","BOTH_UNSET","BOTH_UNSET","BOTH_UNSET","10","10","","","","","BOTH_UNSET","BOTH_UNSET","BOTH_UNSET","","","","","","","","","","","","","","","","","","","1","","0","0","0","false","false","false","false","false","","","0","0","0","","false","34a8e2680de677ed93eb0ecbf31de921559ec81558f4369a542a885235250992"
"maliqq/netty","73306e017dfe0b7c969551266964ac9c5418c5aa","1476448287","1.14.1","1.7","1.7","io.netty.microbench.buffer.ByteBufUtilBenchmark","writeUtf8ViaArray","5","5","","","","","BOTH_UNSET","BOTH_UNSET","BOTH_UNSET","10","10","","","","","BOTH_UNSET","BOTH_UNSET","BOTH_UNSET","","","","","","","","","","","","","","","","","","","1","","0","0","0","false","false","false","false","false","","","0","0","0","","false","e2a6c7048bbb4c12e9c950c9831070e2fd34e5362030f18f336d89ebeb755994"
"maliqq/netty","73306e017dfe0b7c969551266964ac9c5418c5aa","1476448287","1.14.1","1.7","1.7","io.netty.microbench.buffer.ByteBufUtilBenchmark","writeUtf8ViaArrayWrapped","5","5","","","","","BOTH_UNSET","BOTH_UNSET","BOTH_UNSET","10","10","","","","","BOTH_UNSET","BOTH_UNSET","BOTH_UNSET","","","","","","","","","","","","","","","","","","","1","","0","0","0","false","false","false","false","false","","","0","0","0","","false","5879a36e228a05865ffe18bd7bc4f3f8b52b63fe5032033de4e9fff220e75ee4"
"maliqq/netty","73306e017dfe0b7c969551266964ac9c5418c5aa","1476448287","1.14.1","1.7","1.7","io.netty.microbench.buffer.ByteBufUtilBenchmark","writeUtf8","5","5","","","","","BOTH_UNSET","BOTH_UNSET","BOTH_UNSET","10","10","","","","","BOTH_UNSET","BOTH_UNSET","BOTH_UNSET","","","","","","","","","","","","","","","","","","","1","","0","0","0","false","false","false","false","false","","","0","0","0","","false","0875047dc4ca990732a324ae4bc486f702689ed0b42ad2600d6e5d0661d43a17"
"maliqq/netty","73306e017dfe0b7c969551266964ac9c5418c5aa","1476448287","1.14.1","1.7","1.7","io.netty.microbench.buffer.ByteBufUtilBenchmark","writeUtf8Wrapped","5","5","","","","","BOTH_UNSET","BOTH_UNSET","BOTH_UNSET","10","10","","","","","BOTH_UNSET","BOTH_UNSET","BOTH_UNSET","","","","","","","","","","","","","","","","","","","1","","0","0","0","false","false","false","false","false","","","0","0","0","","false","918c2040f91c5a401a1d7a9fced093391e5ea703cb7789e88bc89c4f509d0b8b"
"maliqq/netty","73306e017dfe0b7c969551266964ac9c5418c5aa","1476448287","1.14.1","1.7","1.7","io.netty.microbench.buffer.ByteBufUtilBenchmark","decodeStringAscii","5","5","","","","","BOTH_UNSET","BOTH_UNSET","BOTH_UNSET","10","10","","","","","BOTH_UNSET","BOTH_UNSET","BOTH_UNSET","","","","","","","","","","","","","","","","","","","1","","0","0","0","false","false","false","false","false","","","0","0","0","java.lang.String","false","194d41f09ca341bfac35cc28256863e985322c6be6ff1141c04e8b868c052f28"
"maliqq/netty","73306e017dfe0b7c969551266964ac9c5418c5aa","1476448287","1.14.1","1.7","1.7","io.netty.microbench.buffer.ByteBufUtilBenchmark","decodeStringUtf8","5","5","","","","","BOTH_UNSET","BOTH_UNSET","BOTH_UNSET","10","10","","","","","BOTH_UNSET","BOTH_UNSET","BOTH_UNSET","","","","","","","","","","","","","","","","","","","1","","0","0","0","false","false","false","false","false","","","0","0","0","java.lang.String","false","a462241eb17011b0617ca930e5a9bd2a710cc4c556737b0ae954850017d0832c"
"maliqq/netty","73306e017dfe0b7c969551266964ac9c5418c5aa","1476448287","1.14.1","1.7","1.7","io.netty.microbench.headers.HeadersBenchmark","httpRemove","10","10","","","","","BOTH_UNSET","BOTH_UNSET","BOTH_UNSET","10","10","","","","","BOTH_UNSET","BOTH_UNSET","BOTH_UNSET","1","1","","","","","false","","false","true","","true","false","","false","false","","false","1","org.openjdk.jmh.infra.Blackhole","1","0","0","true","false","false","false","false","","","0","0","0","","false","9520acfc8b7e22d3fe83f3933613c4929dfccf5ec4b4a4778bc76d300ef758ba"
"maliqq/netty","73306e017dfe0b7c969551266964ac9c5418c5aa","1476448287","1.14.1","1.7","1.7","io.netty.microbench.headers.HeadersBenchmark","httpGet","10","10","","","","","BOTH_UNSET","BOTH_UNSET","BOTH_UNSET","10","10","","","","","BOTH_UNSET","BOTH_UNSET","BOTH_UNSET","1","1","","","","","false","","false","true","","true","false","","false","false","","false","1","org.openjdk.jmh.infra.Blackhole","1","0","0","true","false","false","false","false","","","0","0","0","","false","2f097755e3bbf1f6c6f970647fffa4b290b3bddff54fe2fb79336df7535b32f3"
"maliqq/netty","73306e017dfe0b7c969551266964ac9c5418c5aa","1476448287","1.14.1","1.7","1.7","io.netty.microbench.headers.HeadersBenchmark","httpPut","10","10","","","","","BOTH_UNSET","BOTH_UNSET","BOTH_UNSET","10","10","","","","","BOTH_UNSET","BOTH_UNSET","BOTH_UNSET","1","1","","","","","false","","false","true","","true","false","","false","false","","false","1","","0","0","0","false","false","false","false","false","","","0","0","0","io.netty.handler.codec.http.DefaultHttpHeaders","false","639ca9d6593cd33ac34323ce019ff92830efb0a705df000fd861c11f682a959d"
"maliqq/netty","73306e017dfe0b7c969551266964ac9c5418c5aa","1476448287","1.14.1","1.7","1.7","io.netty.microbench.headers.HeadersBenchmark","httpIterate","10","10","","","","","BOTH_UNSET","BOTH_UNSET","BOTH_UNSET","10","10","","","","","BOTH_UNSET","BOTH_UNSET","BOTH_UNSET","1","1","","","","","false","","false","true","","true","false","","false","false","","false","1","org.openjdk.jmh.infra.Blackhole","1","0","0","true","false","false","false","false","","","0","0","0","","false","a6f5d27cdf11188fdcb226c5c2ae416fedd745678a91d10da0bc8a29e21c2d07"
"maliqq/netty","73306e017dfe0b7c969551266964ac9c5418c5aa","1476448287","1.14.1","1.7","1.7","io.netty.microbench.headers.HeadersBenchmark","http2Remove","10","10","","","","","BOTH_UNSET","BOTH_UNSET","BOTH_UNSET","10","10","","","","","BOTH_UNSET","BOTH_UNSET","BOTH_UNSET","1","1","","","","","false","","false","true","","true","false","","false","false","","false","1","org.openjdk.jmh.infra.Blackhole","1","0","0","true","false","false","false","false","","","0","0","0","","false","41791504439ac8e580a3df7a1bb7ec5649f67f9b4e2f8b9b7c2ac38a0f7abe48"
"maliqq/netty","73306e017dfe0b7c969551266964ac9c5418c5aa","1476448287","1.14.1","1.7","1.7","io.netty.microbench.headers.HeadersBenchmark","http2Get","10","10","","","","","BOTH_UNSET","BOTH_UNSET","BOTH_UNSET","10","10","","","","","BOTH_UNSET","BOTH_UNSET","BOTH_UNSET","1","1","","","","","false","","false","true","","true","false","","false","false","","false","1","org.openjdk.jmh.infra.Blackhole","1","0","0","true","false","false","false","false","","","0","0","0","","false","5040bf0b8ead6b91c490838dc31a38e3b806894ab04c1b334add185796ad2fc1"
"maliqq/netty","73306e017dfe0b7c969551266964ac9c5418c5aa","1476448287","1.14.1","1.7","1.7","io.netty.microbench.headers.HeadersBenchmark","http2Put","10","10","","","","","BOTH_UNSET","BOTH_UNSET","BOTH_UNSET","10","10","","","","","BOTH_UNSET","BOTH_UNSET","BOTH_UNSET","1","1","","","","","false","","false","true","","true","false","","false","false","","false","1","","0","0","0","false","false","false","false","false","","","0","0","0","io.netty.handler.codec.http2.DefaultHttp2Headers","false","73eaafbe093b0723f873a7372b21841482eee74843a331751eadea165f1ea2ce"
"maliqq/netty","73306e017dfe0b7c969551266964ac9c5418c5aa","1476448287","1.14.1","1.7","1.7","io.netty.microbench.headers.HeadersBenchmark","http2Iterate","10","10","","","","","BOTH_UNSET","BOTH_UNSET","BOTH_UNSET","10","10","","","","","BOTH_UNSET","BOTH_UNSET","BOTH_UNSET","1","1","","","","","false","","false","true","","true","false","","false","false","","false","1","org.openjdk.jmh.infra.Blackhole","1","0","0","true","false","false","false","false","","","0","0","0","","false","fde1f18c16e641b8ddbbe85867b58fae6417c225ce30bd66e865fff9a239b0ab"
"maliqq/netty","73306e017dfe0b7c969551266964ac9c5418c5aa","1476448287","1.14.1","1.7","1.7","io.netty.microbench.headers.HeadersBenchmark","httpAddAllFastest","10","10","","","","","BOTH_UNSET","BOTH_UNSET","BOTH_UNSET","10","10","","","","","BOTH_UNSET","BOTH_UNSET","BOTH_UNSET","1","1","","","","","false","","false","true","","true","false","","false","false","","false","1","org.openjdk.jmh.infra.Blackhole","1","0","0","true","false","false","false","false","","","0","0","0","","false","29ea741a196519f746d151f5cdfe8ffe539191c29665bf323c788ade8d974329"
"maliqq/netty","73306e017dfe0b7c969551266964ac9c5418c5aa","1476448287","1.14.1","1.7","1.7","io.netty.microbench.headers.HeadersBenchmark","httpAddAllFast","10","10","","","","","BOTH_UNSET","BOTH_UNSET","BOTH_UNSET","10","10","","","","","BOTH_UNSET","BOTH_UNSET","BOTH_UNSET","1","1","","","","","false","","false","true","","true","false","","false","false","","false","1","org.openjdk.jmh.infra.Blackhole","1","0","0","true","false","false","false","false","","","0","0","0","","false","4a62aa2c96dccc45c23338f99810ed3680387381e03d8f4b4897f907a59f4ec5"
"maliqq/netty","73306e017dfe0b7c969551266964ac9c5418c5aa","1476448287","1.14.1","1.7","1.7","io.netty.microbench.headers.HeadersBenchmark","http2AddAllFastest","10","10","","","","","BOTH_UNSET","BOTH_UNSET","BOTH_UNSET","10","10","","","","","BOTH_UNSET","BOTH_UNSET","BOTH_UNSET","1","1","","","","","false","","false","true","","true","false","","false","false","","false","1","org.openjdk.jmh.infra.Blackhole","1","0","0","true","false","false","false","false","","","0","0","0","","false","8bdf7fcf7065311155bf61da2340d3487fe465e637e54aa571653a1da007739f"
"maliqq/netty","73306e017dfe0b7c969551266964ac9c5418c5aa","1476448287","1.14.1","1.7","1.7","io.netty.microbench.headers.HeadersBenchmark","http2AddAllFast","10","10","","","","","BOTH_UNSET","BOTH_UNSET","BOTH_UNSET","10","10","","","","","BOTH_UNSET","BOTH_UNSET","BOTH_UNSET","1","1","","","","","false","","false","true","","true","false","","false","false","","false","1","org.openjdk.jmh.infra.Blackhole","1","0","0","true","false","false","false","false","","","0","0","0","","false","0ac86143e08a712035ea37daa8e115a5b076a69178b875d17c65ac297e496255"
"maliqq/netty","73306e017dfe0b7c969551266964ac9c5418c5aa","1476448287","1.14.1","1.7","1.7","io.netty.microbench.headers.HeadersBenchmark","http2AddAllSlow","10","10","","","","","BOTH_UNSET","BOTH_UNSET","BOTH_UNSET","10","10","","","","","BOTH_UNSET","BOTH_UNSET","BOTH_UNSET","1","1","","","","","false","","false","true","","true","false","","false","false","","false","1","org.openjdk.jmh.infra.Blackhole","1","0","0","true","false","false","false","false","","","0","0","0","","false","bb0653c63773e36d62323b2cfc8a066e4278859c543fc153dfdacacb416b3698"
"maliqq/netty","73306e017dfe0b7c969551266964ac9c5418c5aa","1476448287","1.14.1","1.7","1.7","io.netty.microbench.http.ClientCookieDecoderBenchmark","decodeCookieWithRfc1123ExpiresField","","","","","","","BOTH_UNSET","BOTH_UNSET","BOTH_UNSET","","","","","","","BOTH_UNSET","BOTH_UNSET","BOTH_UNSET","","","","","","","","","","","","","","","","","","","1","","0","0","0","false","false","false","false","false","","","0","0","0","io.netty.handler.codec.http.cookie.Cookie","false","6f6543471980087157f7904dbac2f5482a0b6ba27fbde71644d81237c6cf7fae"
"maliqq/netty","73306e017dfe0b7c969551266964ac9c5418c5aa","1476448287","1.14.1","1.7","1.7","io.netty.microbench.http.HttpRequestDecoderBenchmark","testDecodeWholeRequestInMultipleStepsMixedDelimiters","10","10","","","","","BOTH_UNSET","BOTH_UNSET","BOTH_UNSET","20","20","","","","","BOTH_UNSET","BOTH_UNSET","BOTH_UNSET","","","","","","","","","","","","","","","","","","","5","","0","0","0","false","false","false","false","false","step=io.netty.microbench.http.HttpRequestDecoderBenchmark","step=2&step=4&step=8&step=16&step=32","1","1","0","","false","7dfe404472c3dfdbe91b086eee85c537021fe3324347b78ce271a6db4142f15d"
"maliqq/netty","73306e017dfe0b7c969551266964ac9c5418c5aa","1476448287","1.14.1","1.7","1.7","io.netty.microbench.concurrent.FastThreadLocalFastPathBenchmark","jdkThreadLocalGet","","","","","","","BOTH_UNSET","BOTH_UNSET","BOTH_UNSET","10","10","","","","","BOTH_UNSET","BOTH_UNSET","BOTH_UNSET","","","","","","","","","","","","","","","","","","","1","","0","0","0","false","false","false","false","false","","","0","0","0","int","false","9c2fe5c6a3578bcbdc8111fb1ff0f171de1f12188ea3b17f19d662b24701ab14"
"maliqq/netty","73306e017dfe0b7c969551266964ac9c5418c5aa","1476448287","1.14.1","1.7","1.7","io.netty.microbench.concurrent.FastThreadLocalFastPathBenchmark","fastThreadLocal","","","","","","","BOTH_UNSET","BOTH_UNSET","BOTH_UNSET","10","10","","","","","BOTH_UNSET","BOTH_UNSET","BOTH_UNSET","","","","","","","","","","","","","","","","","","","1","","0","0","0","false","false","false","false","false","","","0","0","0","int","false","171f54e843a9b0b02c0834479b3dc9fff417d8e56d782d9b64173f692d0fb50d"
"maliqq/netty","73306e017dfe0b7c969551266964ac9c5418c5aa","1476448287","1.14.1","1.7","1.7","io.netty.microbench.concurrent.FastThreadLocalSlowPathBenchmark","jdkThreadLocalGet","","","","","","","BOTH_UNSET","BOTH_UNSET","BOTH_UNSET","10","10","","","","","BOTH_UNSET","BOTH_UNSET","BOTH_UNSET","","","","","","","","","","","","","","","","","","","1","","0","0","0","false","false","false","false","false","","","0","0","0","int","false","9c2fe5c6a3578bcbdc8111fb1ff0f171de1f12188ea3b17f19d662b24701ab14"
"maliqq/netty","73306e017dfe0b7c969551266964ac9c5418c5aa","1476448287","1.14.1","1.7","1.7","io.netty.microbench.concurrent.FastThreadLocalSlowPathBenchmark","fastThreadLocal","","","","","","","BOTH_UNSET","BOTH_UNSET","BOTH_UNSET","10","10","","","","","BOTH_UNSET","BOTH_UNSET","BOTH_UNSET","","","","","","","","","","","","","","","","","","","1","","0","0","0","false","false","false","false","false","","","0","0","0","int","false","171f54e843a9b0b02c0834479b3dc9fff417d8e56d782d9b64173f692d0fb50d"
"maliqq/netty","73306e017dfe0b7c969551266964ac9c5418c5aa","1476448287","1.14.1","1.7","1.7","io.netty.microbench.http2.Http2PriorityTreeBenchmark","prioritizeStreams","","","","","","","BOTH_UNSET","BOTH_UNSET","BOTH_UNSET","","","","","","","BOTH_UNSET","BOTH_UNSET","BOTH_UNSET","","","","","","","","","","","","","","","","","","","18","","0","0","0","false","false","false","false","false","numStreams=io.netty.microbench.http2.Http2PriorityTreeBenchmark&d_ary=io.netty.microbench.http2.Http2PriorityTreeBenchmark&exclusiveOnCount=io.netty.microbench.http2.Http2PriorityTreeBenchmark","numStreams=1000&numStreams=10000&d_ary=10&d_ary=100&d_ary=1000&exclusiveOnCount=10&exclusiveOnCount=100&exclusiveOnCount=1000","3","3","0","","false","ccc4e697bbff799c81d200b45a59e7c527fdc89ffae318a461818259f7d48f21"
"maliqq/netty","73306e017dfe0b7c969551266964ac9c5418c5aa","1476448287","1.14.1","1.7","1.7","io.netty.microbench.http2.Http2FrameWriterBenchmark","writeData","","","","","","","BOTH_UNSET","BOTH_UNSET","BOTH_UNSET","","","","","","","BOTH_UNSET","BOTH_UNSET","BOTH_UNSET","","","","","","","","","","","","","","","","","","","2","","0","0","0","false","false","false","false","false","padding=io.netty.microbench.http2.Http2FrameWriterBenchmark","padding=0&padding=255","1","1","0","","false","fa109c28af2329fc35d53456e380f50cf536ca13a75be7edc24425acaa86365b"
"maliqq/netty","73306e017dfe0b7c969551266964ac9c5418c5aa","1476448287","1.14.1","1.7","1.7","io.netty.microbench.http2.Http2FrameWriterBenchmark","writeHeaders","","","","","","","BOTH_UNSET","BOTH_UNSET","BOTH_UNSET","","","","","","","BOTH_UNSET","BOTH_UNSET","BOTH_UNSET","","","","","","","","","","","","","","","","","","","2","","0","0","0","false","false","false","false","false","padding=io.netty.microbench.http2.Http2FrameWriterBenchmark","padding=0&padding=255","1","1","0","","false","a72b18564b1d259b938b731d1572c8817afeccaedc7046fb211297cd4086e9af"
"maliqq/netty","73306e017dfe0b7c969551266964ac9c5418c5aa","1476448287","1.14.1","1.7","1.7","io.netty.microbench.http2.NoPriorityByteDistributionBenchmark","write","","","","","","","BOTH_UNSET","BOTH_UNSET","BOTH_UNSET","","","","","","","BOTH_UNSET","BOTH_UNSET","BOTH_UNSET","","","","","","","","","","","","","","","","","","","6","io.netty.microbench.http2.NoPriorityByteDistributionBenchmark.AdditionalCounters","1","0","0","false","false","false","false","false","numStreams=io.netty.microbench.http2.NoPriorityByteDistributionBenchmark&windowSize=io.netty.microbench.http2.NoPriorityByteDistributionBenchmark","numStreams=100&numStreams=10000&windowSize=1024&windowSize=65536&windowSize=1048576","2","2","0","","false","3dc2c626c817729639dbf487f48af47844e405f6f4198679b7c39d72f152be0c"
"maliqq/netty","73306e017dfe0b7c969551266964ac9c5418c5aa","1476448287","1.14.1","1.7","1.7","io.netty.microbench.http2.internal.hpack.HpackUtilBenchmark","oldEquals","5","5","","","","","BOTH_UNSET","BOTH_UNSET","BOTH_UNSET","5","5","","","","","BOTH_UNSET","BOTH_UNSET","BOTH_UNSET","","","","","","","","","","","","","","","","","","","1","","0","0","0","false","false","false","false","false","","","0","0","0","int","false","04bb3b38a15e3e8d42835adcb027bb77919142d84cd06fabf7d71838a42ce439"
"maliqq/netty","73306e017dfe0b7c969551266964ac9c5418c5aa","1476448287","1.14.1","1.7","1.7","io.netty.microbench.http2.internal.hpack.HpackUtilBenchmark","newEquals","5","5","","","","","BOTH_UNSET","BOTH_UNSET","BOTH_UNSET","5","5","","","","","BOTH_UNSET","BOTH_UNSET","BOTH_UNSET","","","","","","","","","","","","","","","","","","","1","","0","0","0","false","false","false","false","false","","","0","0","0","int","false","b164f71addf136e7ba2ade3eb3cfbafe42994a6f39666fddaf71e91a7a7e0b75"
"maliqq/netty","73306e017dfe0b7c969551266964ac9c5418c5aa","1476448287","1.14.1","1.7","1.7","io.netty.microbench.http2.internal.hpack.DecoderBenchmark","decode","","","","","","","BOTH_UNSET","BOTH_UNSET","BOTH_UNSET","","","","","","","BOTH_UNSET","BOTH_UNSET","BOTH_UNSET","","","","","","","true","","true","false","","false","false","","false","false","","false","4","org.openjdk.jmh.infra.Blackhole","1","0","0","true","false","false","false","false","sensitive=io.netty.microbench.http2.internal.hpack.DecoderBenchmark&limitToAscii=io.netty.microbench.http2.internal.hpack.DecoderBenchmark","sensitive=true&sensitive=false&limitToAscii=true&limitToAscii=false","2","2","0","","false","c135129b5c1cc62a098fe9fc7521f31b2c74e3d0f465231918388351e4ac8bc8"
"maliqq/netty","73306e017dfe0b7c969551266964ac9c5418c5aa","1476448287","1.14.1","1.7","1.7","io.netty.microbench.http2.internal.hpack.EncoderBenchmark","encode","5","5","","","","","BOTH_UNSET","BOTH_UNSET","BOTH_UNSET","5","5","","","","","BOTH_UNSET","BOTH_UNSET","BOTH_UNSET","1","1","","","","","false","","false","true","","true","false","","false","false","","false","8","org.openjdk.jmh.infra.Blackhole","1","0","0","true","false","false","false","false","sensitive=io.netty.microbench.http2.internal.hpack.EncoderBenchmark&duplicates=io.netty.microbench.http2.internal.hpack.EncoderBenchmark&limitToAscii=io.netty.microbench.http2.internal.hpack.EncoderBenchmark","sensitive=true&sensitive=false&duplicates=true&duplicates=false&limitToAscii=true&limitToAscii=false","3","3","0","","false","dad5839189f758b066cf385371f687620b84635411d2ae13b3c21c8d3d833d4e"
"maliqq/netty","73306e017dfe0b7c969551266964ac9c5418c5aa","1476448287","1.14.1","1.7","1.7","io.netty.microbench.internal.RecyclableArrayListBenchmark","recycleSameThread","","","","","","","BOTH_UNSET","BOTH_UNSET","BOTH_UNSET","10","10","","","","","BOTH_UNSET","BOTH_UNSET","BOTH_UNSET","","","","","","","","","","","","","","","","","","","6","","0","0","0","false","false","false","false","false","size=io.netty.microbench.internal.RecyclableArrayListBenchmark","size=00000&size=00256&size=01024&size=04096&size=16384&size=65536","1","1","0","","false","6bbeee62050bb6d37722e51b5eb6f1c79cbecee0b66a5d910426c8193f4e9c5a"
"maliqq/netty","73306e017dfe0b7c969551266964ac9c5418c5aa","1476448287","1.14.1","1.7","1.7","io.netty.microbench.internal.PlatformDependentBenchmark","unsafeBytesEqual","","","","","","","BOTH_UNSET","BOTH_UNSET","BOTH_UNSET","","","","","","","BOTH_UNSET","BOTH_UNSET","BOTH_UNSET","","","","","","","false","","false","true","","true","false","","false","false","","false","6","","0","0","0","false","false","false","false","false","size=io.netty.microbench.internal.PlatformDependentBenchmark","size=10&size=50&size=100&size=1000&size=10000&size=100000","1","1","0","boolean","false","41853ac2d440423bde4a87b7664acd1d1b4ef69e5b4665ecd5dcb268fa163654"
"maliqq/netty","73306e017dfe0b7c969551266964ac9c5418c5aa","1476448287","1.14.1","1.7","1.7","io.netty.microbench.internal.PlatformDependentBenchmark","arraysBytesEqual","","","","","","","BOTH_UNSET","BOTH_UNSET","BOTH_UNSET","","","","","","","BOTH_UNSET","BOTH_UNSET","BOTH_UNSET","","","","","","","false","","false","true","","true","false","","false","false","","false","6","","0","0","0","false","false","false","false","false","size=io.netty.microbench.internal.PlatformDependentBenchmark","size=10&size=50&size=100&size=1000&size=10000&size=100000","1","1","0","boolean","false","fd6c6693b8340641ea35f5bcda16e02510e0fd3775a222d2c1b1f52037711269"
"maliqq/netty","73306e017dfe0b7c969551266964ac9c5418c5aa","1476448287","1.14.1","1.7","1.7","io.netty.microbenchmark.common.IntObjectHashMapBenchmark","put","","","","","","","BOTH_UNSET","BOTH_UNSET","BOTH_UNSET","","","","","","","BOTH_UNSET","BOTH_UNSET","BOTH_UNSET","","","","","","","true","","true","false","","false","false","","false","false","","false","5","org.openjdk.jmh.infra.Blackhole","1","0","0","true","false","false","false","false","size=io.netty.microbenchmark.common.IntObjectHashMapBenchmark","size=10&size=100&size=1000&size=10000&size=100000","1","1","0","","false","0252a156384b782b1bfcf6109bb753bbc9bb89a8661f1b867279ff29646e413e"
"maliqq/netty","73306e017dfe0b7c969551266964ac9c5418c5aa","1476448287","1.14.1","1.7","1.7","io.netty.microbenchmark.common.IntObjectHashMapBenchmark","lookup","","","","","","","BOTH_UNSET","BOTH_UNSET","BOTH_UNSET","","","","","","","BOTH_UNSET","BOTH_UNSET","BOTH_UNSET","","","","","","","true","","true","false","","false","false","","false","false","","false","5","org.openjdk.jmh.infra.Blackhole","1","0","0","true","false","false","false","false","size=io.netty.microbenchmark.common.IntObjectHashMapBenchmark","size=10&size=100&size=1000&size=10000&size=100000","1","1","0","","false","732851d0c59df3e4edd6f863f3062be8d8f796b3501678331dd9fa722ee8e0c8"
"maliqq/netty","73306e017dfe0b7c969551266964ac9c5418c5aa","1476448287","1.14.1","1.7","1.7","io.netty.microbenchmark.common.IntObjectHashMapBenchmark","remove","","","","","","","BOTH_UNSET","BOTH_UNSET","BOTH_UNSET","","","","","","","BOTH_UNSET","BOTH_UNSET","BOTH_UNSET","","","","","","","true","","true","false","","false","false","","false","false","","false","5","org.openjdk.jmh.infra.Blackhole","1","0","0","true","false","false","false","false","size=io.netty.microbenchmark.common.IntObjectHashMapBenchmark","size=10&size=100&size=1000&size=10000&size=100000","1","1","0","","false","1ded96a18df27d2d4ae5de6e992225a3cf678364bc2c692d248f889c851ede9e"
"maliqq/netty","73306e017dfe0b7c969551266964ac9c5418c5aa","1476448287","1.14.1","1.7","1.7","io.netty.microbenchmark.common.AsciiStringBenchmark","hashCodeBenchBytesOld","5","5","","","","","BOTH_UNSET","BOTH_UNSET","BOTH_UNSET","5","5","","","","","BOTH_UNSET","BOTH_UNSET","BOTH_UNSET","","","","","","","","","","","","","","","","","","","9","","0","0","0","false","false","false","false","false","size=io.netty.microbenchmark.common.AsciiStringBenchmark","size=3&size=5&size=7&size=8&size=10&size=20&size=50&size=100&size=1000","1","1","0","int","false","04b7bda2e323ca61aff600f24795a1a927d86572a4d851139aad663264bf97ab"
"maliqq/netty","73306e017dfe0b7c969551266964ac9c5418c5aa","1476448287","1.14.1","1.7","1.7","io.netty.microbenchmark.common.AsciiStringBenchmark","hashCodeBenchBytesNew","5","5","","","","","BOTH_UNSET","BOTH_UNSET","BOTH_UNSET","5","5","","","","","BOTH_UNSET","BOTH_UNSET","BOTH_UNSET","","","","","","","","","","","","","","","","","","","9","","0","0","0","false","false","false","false","false","size=io.netty.microbenchmark.common.AsciiStringBenchmark","size=3&size=5&size=7&size=8&size=10&size=20&size=50&size=100&size=1000","1","1","0","int","false","edd3dad702779916f9e1800766e1ee26ce864800692aac7249a1334b2ba93823"
"maliqq/netty","73306e017dfe0b7c969551266964ac9c5418c5aa","1476448287","1.14.1","1.7","1.7","io.netty.microbenchmark.common.AsciiStringBenchmark","hashCodeBenchCharSequenceOld","5","5","","","","","BOTH_UNSET","BOTH_UNSET","BOTH_UNSET","5","5","","","","","BOTH_UNSET","BOTH_UNSET","BOTH_UNSET","","","","","","","","","","","","","","","","","","","9","","0","0","0","false","false","false","false","false","size=io.netty.microbenchmark.common.AsciiStringBenchmark","size=3&size=5&size=7&size=8&size=10&size=20&size=50&size=100&size=1000","1","1","0","int","false","715ec45335262549dc58a9c6743dbe47bf2110e870f118c9cca8dacd1db30d6c"
"maliqq/netty","73306e017dfe0b7c969551266964ac9c5418c5aa","1476448287","1.14.1","1.7","1.7","io.netty.microbenchmark.common.AsciiStringBenchmark","hashCodeBenchCharSequenceNew","5","5","","","","","BOTH_UNSET","BOTH_UNSET","BOTH_UNSET","5","5","","","","","BOTH_UNSET","BOTH_UNSET","BOTH_UNSET","","","","","","","","","","","","","","","","","","","9","","0","0","0","false","false","false","false","false","size=io.netty.microbenchmark.common.AsciiStringBenchmark","size=3&size=5&size=7&size=8&size=10&size=20&size=50&size=100&size=1000","1","1","0","int","false","33a96ce11b544045cec9b25c776c4297c4cdba8cdab3178e572c6217cc20659c"
"maliqq/netty","73306e017dfe0b7c969551266964ac9c5418c5aa","1476448287","1.14.1","1.7","1.7","io.netty.microbenchmark.common.MathOperationsBenchmark","nextIndexNoConditionals","","","","","","","BOTH_UNSET","BOTH_UNSET","BOTH_UNSET","","","","","","","BOTH_UNSET","BOTH_UNSET","BOTH_UNSET","","","","","","","","","","","","","","","","","","","1","","0","0","0","false","false","false","false","false","","","0","0","0","int","false","59bbeadd248b072e2c9a23ef05c6256ea8ba8222127460589b1ea03022d86397"
"maliqq/netty","73306e017dfe0b7c969551266964ac9c5418c5aa","1476448287","1.14.1","1.7","1.7","io.netty.microbenchmark.common.MathOperationsBenchmark","nextIndexConditionals","","","","","","","BOTH_UNSET","BOTH_UNSET","BOTH_UNSET","","","","","","","BOTH_UNSET","BOTH_UNSET","BOTH_UNSET","","","","","","","","","","","","","","","","","","","1","","0","0","0","false","false","false","false","false","","","0","0","0","int","false","82cad856618509a9a43d4727e05a5212e5143a614ab4c22d6a8a36d06f9229ea"
"maliqq/netty","73306e017dfe0b7c969551266964ac9c5418c5aa","1476448287","1.14.1","1.7","1.7","io.netty.microbenchmark.common.NetUtilBenchmark","useGetByNameIpv4","10","10","","","","","BOTH_UNSET","BOTH_UNSET","BOTH_UNSET","10","10","","","","","BOTH_UNSET","BOTH_UNSET","BOTH_UNSET","","","","","","","","","","","","","","","","","","","1","","0","0","0","false","false","false","false","false","","","0","0","0","","false","e6b0fe737de64becafe38cd4c0fc070d0d396e582724dc736b33625e4f49e798"
"maliqq/netty","73306e017dfe0b7c969551266964ac9c5418c5aa","1476448287","1.14.1","1.7","1.7","io.netty.microbenchmark.common.NetUtilBenchmark","useGetByNameIpv6","10","10","","","","","BOTH_UNSET","BOTH_UNSET","BOTH_UNSET","10","10","","","","","BOTH_UNSET","BOTH_UNSET","BOTH_UNSET","","","","","","","","","","","","","","","","","","","1","","0","0","0","false","false","false","false","false","","","0","0","0","","false","d2291139d81e641fec6b8dc950d5bafacfb7daccb0ff448c331420aa6657171e"
"maliqq/netty","73306e017dfe0b7c969551266964ac9c5418c5aa","1476448287","1.14.1","1.7","1.7","io.netty.microbenchmark.common.NetUtilBenchmark","useIsValidIpv6","10","10","","","","","BOTH_UNSET","BOTH_UNSET","BOTH_UNSET","10","10","","","","","BOTH_UNSET","BOTH_UNSET","BOTH_UNSET","","","","","","","","","","","","","","","","","","","1","","0","0","0","false","false","false","false","false","","","0","0","0","","false","ca17442d9ca8ecb78a23a83f386c0d979c2a4f8abcccc5f43f0d24177161de0e"
"maliqq/netty","73306e017dfe0b7c969551266964ac9c5418c5aa","1476448287","1.14.1","1.7","1.7","io.netty.microbenchmark.common.NetUtilBenchmark","useIsValidIpv4","10","10","","","","","BOTH_UNSET","BOTH_UNSET","BOTH_UNSET","10","10","","","","","BOTH_UNSET","BOTH_UNSET","BOTH_UNSET","","","","","","","","","","","","","","","","","","","1","","0","0","0","false","false","false","false","false","","","0","0","0","","false","21bfa06ac01c7d30e7da1a01114fca3d21e3bdcb831616f8fe407516ca00d1c8"
"maliqq/netty","73306e017dfe0b7c969551266964ac9c5418c5aa","1476448287","1.14.1","1.7","1.7","io.netty.microbenchmark.common.AppendableCharSequenceBenchmark","appendCheckBeforeCopy","5","5","","","","","BOTH_UNSET","BOTH_UNSET","BOTH_UNSET","5","5","","","","","BOTH_UNSET","BOTH_UNSET","BOTH_UNSET","","","","","","","","","","","","","","","","","","","16","","0","0","0","false","false","false","false","false","charsInitSize=io.netty.microbenchmark.common.AppendableCharSequenceBenchmark&simulatedDataSize=io.netty.microbenchmark.common.AppendableCharSequenceBenchmark","charsInitSize=32&charsInitSize=64&charsInitSize=128&charsInitSize=256&simulatedDataSize=10&simulatedDataSize=100&simulatedDataSize=10000&simulatedDataSize=1000000","2","2","0","","false","0cc7bb0a9589a2c59f6d6288232d81b505161ee9c5bfb98662a98839e637c338"
"maliqq/netty","73306e017dfe0b7c969551266964ac9c5418c5aa","1476448287","1.14.1","1.7","1.7","io.netty.microbenchmark.common.AppendableCharSequenceBenchmark","appendCatchExceptionAfter","5","5","","","","","BOTH_UNSET","BOTH_UNSET","BOTH_UNSET","5","5","","","","","BOTH_UNSET","BOTH_UNSET","BOTH_UNSET","","","","","","","","","","","","","","","","","","","16","","0","0","0","false","false","false","false","false","charsInitSize=io.netty.microbenchmark.common.AppendableCharSequenceBenchmark&simulatedDataSize=io.netty.microbenchmark.common.AppendableCharSequenceBenchmark","charsInitSize=32&charsInitSize=64&charsInitSize=128&charsInitSize=256&simulatedDataSize=10&simulatedDataSize=100&simulatedDataSize=10000&simulatedDataSize=1000000","2","2","0","","false","1470e2af7fdd6a9cc80d28854140776637bc3c65e9f9463634f28889453d1480"
"maliqq/netty","73306e017dfe0b7c969551266964ac9c5418c5aa","1476448287","1.14.1","1.7","1.7","io.netty.handler.codec.CodecOutputListBenchmark","codecOutList","","","","","","","BOTH_UNSET","BOTH_UNSET","BOTH_UNSET","","","","","","","BOTH_UNSET","BOTH_UNSET","BOTH_UNSET","","","","","","","","","","","","","","","","","","","2","","0","0","0","false","false","false","false","false","elements=io.netty.handler.codec.CodecOutputListBenchmark","elements=1&elements=4","1","1","0","","false","33ab5e5bd0cb38105d87890cd13e8f7c3e514636da8b47578d730d442fad5dfe"
"maliqq/netty","73306e017dfe0b7c969551266964ac9c5418c5aa","1476448287","1.14.1","1.7","1.7","io.netty.handler.codec.CodecOutputListBenchmark","recyclableArrayList","","","","","","","BOTH_UNSET","BOTH_UNSET","BOTH_UNSET","","","","","","","BOTH_UNSET","BOTH_UNSET","BOTH_UNSET","","","","","","","","","","","","","","","","","","","2","","0","0","0","false","false","false","false","false","elements=io.netty.handler.codec.CodecOutputListBenchmark","elements=1&elements=4","1","1","0","","false","22c4bd98058698bc87c1e92592181c2f931faf6376c78b81d20afdaf2c9f0ade"
"maliqq/netty","73306e017dfe0b7c969551266964ac9c5418c5aa","1476448287","1.14.1","1.7","1.7","io.netty.handler.codec.CodecOutputListBenchmark","arrayList","","","","","","","BOTH_UNSET","BOTH_UNSET","BOTH_UNSET","","","","","","","BOTH_UNSET","BOTH_UNSET","BOTH_UNSET","","","","","","","","","","","","","","","","","","","2","","0","0","0","false","false","false","false","false","elements=io.netty.handler.codec.CodecOutputListBenchmark","elements=1&elements=4","1","1","0","","false","dfed4409f58408bbd66a100d867b2ccd4c7fc78e10f5191f348dfa978e212879"
"maliqq/netty","73306e017dfe0b7c969551266964ac9c5418c5aa","1476448287","1.14.1","1.7","1.7","io.netty.handler.codec.DateFormatterBenchmark","parseHttpHeaderDateFormatter","","","","","","","BOTH_UNSET","BOTH_UNSET","BOTH_UNSET","","","","","","","BOTH_UNSET","BOTH_UNSET","BOTH_UNSET","","","","","","","","","","","","","","","","","","","1","","0","0","0","false","false","false","false","false","","","0","0","0","java.util.Date","false","1d9a31fec43ca84943e651fff80da9cc870b98c520284d9731db60f03f874907"
"maliqq/netty","73306e017dfe0b7c969551266964ac9c5418c5aa","1476448287","1.14.1","1.7","1.7","io.netty.handler.codec.DateFormatterBenchmark","parseHttpHeaderDateFormat","","","","","","","BOTH_UNSET","BOTH_UNSET","BOTH_UNSET","","","","","","","BOTH_UNSET","BOTH_UNSET","BOTH_UNSET","","","","","","","","","","","","","","","","","","","1","","0","0","0","false","false","false","false","false","","","0","0","0","java.util.Date","false","96adfb2e8fd3ac3a8ee0e664c11649609ca7b7cfd6dbeaf25b3ba5825cbbb4fc"
"maliqq/netty","73306e017dfe0b7c969551266964ac9c5418c5aa","1476448287","1.14.1","1.7","1.7","io.netty.handler.codec.DateFormatterBenchmark","formatHttpHeaderDateFormatter","","","","","","","BOTH_UNSET","BOTH_UNSET","BOTH_UNSET","","","","","","","BOTH_UNSET","BOTH_UNSET","BOTH_UNSET","","","","","","","","","","","","","","","","","","","1","","0","0","0","false","false","false","false","false","","","0","0","0","java.lang.String","false","e7e6349b10fbdec474d6e83fb5167436cea43cbf0cd2b436413b2d203c9d8d0c"
"maliqq/netty","73306e017dfe0b7c969551266964ac9c5418c5aa","1476448287","1.14.1","1.7","1.7","io.netty.handler.codec.DateFormatterBenchmark","formatHttpHeaderDateFormat","","","","","","","BOTH_UNSET","BOTH_UNSET","BOTH_UNSET","","","","","","","BOTH_UNSET","BOTH_UNSET","BOTH_UNSET","","","","","","","","","","","","","","","","","","","1","","0","0","0","false","false","false","false","false","","","0","0","0","java.lang.String","false","32965339c43d2d62b071e70a95c322df9ea13542ed4737613002a0865a64daef"
"maliqq/netty","73306e017dfe0b7c969551266964ac9c5418c5aa","1476448287","1.14.1","1.7","1.7","io.netty.microbench.buffer.SlicedByteBufBenchmark","writeAsciiStringSlice","10","10","","","","","BOTH_UNSET","BOTH_UNSET","BOTH_UNSET","25","25","","","","","BOTH_UNSET","BOTH_UNSET","BOTH_UNSET","","","","","","","","","","","","","","","","","","","1","","0","0","0","false","false","false","false","false","","","0","0","0","","false","278f0904a2fa0f6f81137312b23e1eafba52eef8ab980b8c4c1253d055994d02"
"maliqq/netty","73306e017dfe0b7c969551266964ac9c5418c5aa","1476448287","1.14.1","1.7","1.7","io.netty.microbench.buffer.SlicedByteBufBenchmark","writeAsciiStringSliceAbstract","10","10","","","","","BOTH_UNSET","BOTH_UNSET","BOTH_UNSET","25","25","","","","","BOTH_UNSET","BOTH_UNSET","BOTH_UNSET","","","","","","","","","","","","","","","","","","","1","","0","0","0","false","false","false","false","false","","","0","0","0","","false","1dd74ad1d23002365ef00912eca6696f6ce2498f7db2950b8a1155668edf55f4"
"maliqq/netty","73306e017dfe0b7c969551266964ac9c5418c5aa","1476448287","1.14.1","1.7","1.7","io.netty.microbench.buffer.ByteBufBenchmark","setByteBufferHeap","","","","","","","BOTH_UNSET","BOTH_UNSET","BOTH_UNSET","","","","","","","BOTH_UNSET","BOTH_UNSET","BOTH_UNSET","","","","","","","","","","","","","","","","","","","1","","0","0","0","false","false","false","false","false","","","0","0","0","","false","1fa841e1759cd88d12e5ca1b40dc48d5a8991d975f33bf50e3b55bd04920f5b4"
"maliqq/netty","73306e017dfe0b7c969551266964ac9c5418c5aa","1476448287","1.14.1","1.7","1.7","io.netty.microbench.buffer.ByteBufBenchmark","setByteBufferDirect","","","","","","","BOTH_UNSET","BOTH_UNSET","BOTH_UNSET","","","","","","","BOTH_UNSET","BOTH_UNSET","BOTH_UNSET","","","","","","","","","","","","","","","","","","","1","","0","0","0","false","false","false","false","false","","","0","0","0","","false","b461e152bdbba4bb977cd6a8e1eb15f905599cd9e1065da4b954c5a851bd9e1d"
"maliqq/netty","73306e017dfe0b7c969551266964ac9c5418c5aa","1476448287","1.14.1","1.7","1.7","io.netty.microbench.buffer.ByteBufBenchmark","setByteBufHeap","","","","","","","BOTH_UNSET","BOTH_UNSET","BOTH_UNSET","","","","","","","BOTH_UNSET","BOTH_UNSET","BOTH_UNSET","","","","","","","","","","","","","","","","","","","1","","0","0","0","false","false","false","false","false","","","0","0","0","","false","d074393b80386981a34a6d354755920f7089b9cfdadafbf13aa0646e508ffbd4"
"maliqq/netty","73306e017dfe0b7c969551266964ac9c5418c5aa","1476448287","1.14.1","1.7","1.7","io.netty.microbench.buffer.ByteBufBenchmark","setByteBufDirect","","","","","","","BOTH_UNSET","BOTH_UNSET","BOTH_UNSET","","","","","","","BOTH_UNSET","BOTH_UNSET","BOTH_UNSET","","","","","","","","","","","","","","","","","","","1","","0","0","0","false","false","false","false","false","","","0","0","0","","false","97d20098de36878ae6d50e39a63fe00f3c45c3c2e6e084cfac528e5d319ff2bf"
"maliqq/netty","73306e017dfe0b7c969551266964ac9c5418c5aa","1476448287","1.14.1","1.7","1.7","io.netty.microbench.buffer.ByteBufBenchmark","setByteBufDirectPooled","","","","","","","BOTH_UNSET","BOTH_UNSET","BOTH_UNSET","","","","","","","BOTH_UNSET","BOTH_UNSET","BOTH_UNSET","","","","","","","","","","","","","","","","","","","1","","0","0","0","false","false","false","false","false","","","0","0","0","","false","7168280f12b0a1d3b7a6e9d5a4d6b1ea614e909c809f14e99d161789559aa904"
"maliqq/netty","73306e017dfe0b7c969551266964ac9c5418c5aa","1476448287","1.14.1","1.7","1.7","io.netty.microbench.buffer.HeapByteBufBenchmark","getByteUnsafe","","","","","","","BOTH_UNSET","BOTH_UNSET","BOTH_UNSET","","","","","","","BOTH_UNSET","BOTH_UNSET","BOTH_UNSET","","","","","","","","","","","","","","","","","","","1","","0","0","0","false","false","false","false","false","","","0","0","0","byte","false","723bf942a121a996a450a36868ad38c69ec9fe7115be18998f178ca53474c5ff"
"maliqq/netty","73306e017dfe0b7c969551266964ac9c5418c5aa","1476448287","1.14.1","1.7","1.7","io.netty.microbench.buffer.HeapByteBufBenchmark","getByte","","","","","","","BOTH_UNSET","BOTH_UNSET","BOTH_UNSET","","","","","","","BOTH_UNSET","BOTH_UNSET","BOTH_UNSET","","","","","","","","","","","","","","","","","","","1","","0","0","0","false","false","false","false","false","","","0","0","0","short","false","ae5122da6f7ea43a563f3581ae4965d3e5a531fa4dfc4c203aea17334e0605b8"
"maliqq/netty","73306e017dfe0b7c969551266964ac9c5418c5aa","1476448287","1.14.1","1.7","1.7","io.netty.microbench.buffer.HeapByteBufBenchmark","getShortUnsafe","","","","","","","BOTH_UNSET","BOTH_UNSET","BOTH_UNSET","","","","","","","BOTH_UNSET","BOTH_UNSET","BOTH_UNSET","","","","","","","","","","","","","","","","","","","1","","0","0","0","false","false","false","false","false","","","0","0","0","short","false","31b4f0800934818dfcac4406663d12a1623e11ba689649d31186b99289b2dcda"
"maliqq/netty","73306e017dfe0b7c969551266964ac9c5418c5aa","1476448287","1.14.1","1.7","1.7","io.netty.microbench.buffer.HeapByteBufBenchmark","getShort","","","","","","","BOTH_UNSET","BOTH_UNSET","BOTH_UNSET","","","","","","","BOTH_UNSET","BOTH_UNSET","BOTH_UNSET","","","","","","","","","","","","","","","","","","","1","","0","0","0","false","false","false","false","false","","","0","0","0","short","false","c008d6103f857e93ac53befbc680a2214450053c199e81a30a1ddb22a82bba0e"
"maliqq/netty","73306e017dfe0b7c969551266964ac9c5418c5aa","1476448287","1.14.1","1.7","1.7","io.netty.microbench.buffer.HeapByteBufBenchmark","getMediumUnsafe","","","","","","","BOTH_UNSET","BOTH_UNSET","BOTH_UNSET","","","","","","","BOTH_UNSET","BOTH_UNSET","BOTH_UNSET","","","","","","","","","","","","","","","","","","","1","","0","0","0","false","false","false","false","false","","","0","0","0","int","false","f4048a622de298dff8889c4e2a67499c992da159ad9326437db2da7d01ff1111"
"maliqq/netty","73306e017dfe0b7c969551266964ac9c5418c5aa","1476448287","1.14.1","1.7","1.7","io.netty.microbench.buffer.HeapByteBufBenchmark","getMedium","","","","","","","BOTH_UNSET","BOTH_UNSET","BOTH_UNSET","","","","","","","BOTH_UNSET","BOTH_UNSET","BOTH_UNSET","","","","","","","","","","","","","","","","","","","1","","0","0","0","false","false","false","false","false","","","0","0","0","int","false","61eaa01d724b9d75c9f056c53481aa5ef51f9a059716fff2b4c899ac85075d15"
"maliqq/netty","73306e017dfe0b7c969551266964ac9c5418c5aa","1476448287","1.14.1","1.7","1.7","io.netty.microbench.buffer.HeapByteBufBenchmark","getIntUnsafe","","","","","","","BOTH_UNSET","BOTH_UNSET","BOTH_UNSET","","","","","","","BOTH_UNSET","BOTH_UNSET","BOTH_UNSET","","","","","","","","","","","","","","","","","","","1","","0","0","0","false","false","false","false","false","","","0","0","0","int","false","20e691bdddc1d4a0b2a32bd6081cb8bc22476b552a5e280697d2545a731e67f5"
"maliqq/netty","73306e017dfe0b7c969551266964ac9c5418c5aa","1476448287","1.14.1","1.7","1.7","io.netty.microbench.buffer.HeapByteBufBenchmark","getInt","","","","","","","BOTH_UNSET","BOTH_UNSET","BOTH_UNSET","","","","","","","BOTH_UNSET","BOTH_UNSET","BOTH_UNSET","","","","","","","","","","","","","","","","","","","1","","0","0","0","false","false","false","false","false","","","0","0","0","int","false","4c1af3c5817252cf0e799bc8c1261bf468a0aff524727732533f87c374fab7e6"
"maliqq/netty","73306e017dfe0b7c969551266964ac9c5418c5aa","1476448287","1.14.1","1.7","1.7","io.netty.microbench.buffer.HeapByteBufBenchmark","getLongUnsafe","","","","","","","BOTH_UNSET","BOTH_UNSET","BOTH_UNSET","","","","","","","BOTH_UNSET","BOTH_UNSET","BOTH_UNSET","","","","","","","","","","","","","","","","","","","1","","0","0","0","false","false","false","false","false","","","0","0","0","long","false","ae8917f23fda36a3008660685417fbd264ccf65efe994dd35f7123995937a4fc"
"maliqq/netty","73306e017dfe0b7c969551266964ac9c5418c5aa","1476448287","1.14.1","1.7","1.7","io.netty.microbench.buffer.HeapByteBufBenchmark","getLong","","","","","","","BOTH_UNSET","BOTH_UNSET","BOTH_UNSET","","","","","","","BOTH_UNSET","BOTH_UNSET","BOTH_UNSET","","","","","","","","","","","","","","","","","","","1","","0","0","0","false","false","false","false","false","","","0","0","0","long","false","25767cd983f1c9587538cec98bc23452e78c079a611283aa7ad6284bc563d718"
"maliqq/netty","73306e017dfe0b7c969551266964ac9c5418c5aa","1476448287","1.14.1","1.7","1.7","io.netty.microbench.util.ResourceLeakDetectorBenchmark","open","","","","","","","BOTH_UNSET","BOTH_UNSET","BOTH_UNSET","","","","","","","BOTH_UNSET","BOTH_UNSET","BOTH_UNSET","","","","","","","","","","","","","","","","","","","1","","0","0","0","false","false","false","false","false","","","0","0","0","java.lang.Object","false","faa3bd7886a5fa6a0d21f1df25f912e3a69d42ce00b74073f9fe9224d55bfc03"
