"azadmanesh/sl-tracer","f1a1d6eeb268856bd3f2a132c943361839fe4936","1472680800","","","","com.oracle.truffle.api.benchmark.NodeAdoptionBenchmark.shallowSmallBlocks","","","","","","","BOTH_UNSET","BOTH_UNSET","BOTH_UNSET","","","","","","","BOTH_UNSET","BOTH_UNSET","BOTH_UNSET","","","","","","","","","","","","","","","","","","","","0","false","false","false","false","false","","","0","0","java.lang.Object","false","01dd99f385a1c92863c0c863a1493b5a797567389db5ab87e44103b8f4f0d956"
"azadmanesh/sl-tracer","f1a1d6eeb268856bd3f2a132c943361839fe4936","1472680800","","","","com.oracle.truffle.api.benchmark.NodeAdoptionBenchmark.shallowBigBlocks","","","","","","","BOTH_UNSET","BOTH_UNSET","BOTH_UNSET","","","","","","","BOTH_UNSET","BOTH_UNSET","BOTH_UNSET","","","","","","","","","","","","","","","","","","","","0","false","false","false","false","false","","","0","0","java.lang.Object","false","cd4b7ad8d0ca474e978dc3d1fc9673477eb7b389470638eb04244574bd13b4d0"
"azadmanesh/sl-tracer","f1a1d6eeb268856bd3f2a132c943361839fe4936","1472680800","","","","com.oracle.truffle.api.benchmark.NodeAdoptionBenchmark.deepSmallBlocks","","","","","","","BOTH_UNSET","BOTH_UNSET","BOTH_UNSET","","","","","","","BOTH_UNSET","BOTH_UNSET","BOTH_UNSET","","","","","","","","","","","","","","","","","","","","0","false","false","false","false","false","","","0","0","java.lang.Object","false","5b25516573e88150e34ba277d74257cc2ba477b8c60ea8c6aa18d6261393b18e"
"azadmanesh/sl-tracer","f1a1d6eeb268856bd3f2a132c943361839fe4936","1472680800","","","","com.oracle.truffle.api.benchmark.NodeAdoptionBenchmark.deepBigBlocks","","","","","","","BOTH_UNSET","BOTH_UNSET","BOTH_UNSET","","","","","","","BOTH_UNSET","BOTH_UNSET","BOTH_UNSET","","","","","","","","","","","","","","","","","","","","0","false","false","false","false","false","","","0","0","java.lang.Object","false","ecb28c924623efa0b0add667ce34167ba2b931a0fb74494016a8b11614b765a7"
"azadmanesh/sl-tracer","f1a1d6eeb268856bd3f2a132c943361839fe4936","1472680800","","","","com.oracle.truffle.api.benchmark.NodeAdoptionBenchmark.insertionBig","","","","","","","BOTH_UNSET","BOTH_UNSET","BOTH_UNSET","","","","","","","BOTH_UNSET","BOTH_UNSET","BOTH_UNSET","","","","","","","","","","","","","","","","","","","","0","false","false","false","false","false","","","0","0","java.lang.Object","false","df5a9b25431caba985f55d6df9014f25bd3468911f36c385e6c5bfe18b0231dd"
"azadmanesh/sl-tracer","f1a1d6eeb268856bd3f2a132c943361839fe4936","1472680800","","","","com.oracle.truffle.api.benchmark.NodeAdoptionBenchmark.insertionSmall","","","","","","","BOTH_UNSET","BOTH_UNSET","BOTH_UNSET","","","","","","","BOTH_UNSET","BOTH_UNSET","BOTH_UNSET","","","","","","","","","","","","","","","","","","","","0","false","false","false","false","false","","","0","0","java.lang.Object","false","22b4ab0ae40366ca6040f02a92534611e60929b04040f961ca43d75e76e39896"
"azadmanesh/sl-tracer","f1a1d6eeb268856bd3f2a132c943361839fe4936","1472680800","","","","com.oracle.truffle.api.benchmark.NodeAdoptionBenchmark.replaceBig","","","","","","","BOTH_UNSET","BOTH_UNSET","BOTH_UNSET","","","","","","","BOTH_UNSET","BOTH_UNSET","BOTH_UNSET","","","","","","","","","","","","","","","","","","","","0","false","false","false","false","false","","","0","0","java.lang.Object","false","7ce75d8eed8d7219017cbbe2a66036cc5a4e837ea0a1ae07347c59eb78aa686d"
"azadmanesh/sl-tracer","f1a1d6eeb268856bd3f2a132c943361839fe4936","1472680800","","","","com.oracle.truffle.api.benchmark.NodeAdoptionBenchmark.replaceSmall","","","","","","","BOTH_UNSET","BOTH_UNSET","BOTH_UNSET","","","","","","","BOTH_UNSET","BOTH_UNSET","BOTH_UNSET","","","","","","","","","","","","","","","","","","","","0","false","false","false","false","false","","","0","0","java.lang.Object","false","a0afa61fb6b72b2f29eed78dfdb07adb5a5fd3d7e4e58649e8f56efce9c4e920"
"azadmanesh/sl-tracer","f1a1d6eeb268856bd3f2a132c943361839fe4936","1472680800","","","","com.oracle.truffle.api.benchmark.NodeAdoptionBenchmark.replaceALot","","","","","","","BOTH_UNSET","BOTH_UNSET","BOTH_UNSET","","","","","","","BOTH_UNSET","BOTH_UNSET","BOTH_UNSET","","","","","","","","","","","","","","","","","","","","0","false","false","false","false","false","","","0","0","java.lang.Object","false","8978d03881cb80a4d632d458d9c33a9d34d5ffbeac85deba6ec5c859645cfa3c"
"azadmanesh/sl-tracer","f1a1d6eeb268856bd3f2a132c943361839fe4936","1472680800","","","","com.oracle.truffle.sl.test.SLPolyglotEngineValueExecuteBenchmark.executePlus","15","15","","","","","BOTH_UNSET","BOTH_UNSET","BOTH_UNSET","10","10","","","","","BOTH_UNSET","BOTH_UNSET","BOTH_UNSET","1","1","","","","","","","","","","","","","","","","","","0","false","false","false","false","false","","","0","0","long","false","41d91a9e784548e1a43211ef2457c12361132e652d35d70ad13a7104fbc4c979"
"azadmanesh/sl-tracer","f1a1d6eeb268856bd3f2a132c943361839fe4936","1472680800","","","","com.oracle.truffle.sl.test.SLPolyglotEngineValueExecuteBenchmark.executePlusDirectly","15","15","","","","","BOTH_UNSET","BOTH_UNSET","BOTH_UNSET","10","10","","","","","BOTH_UNSET","BOTH_UNSET","BOTH_UNSET","1","1","","","","","","","","","","","","","","","","","","0","false","false","false","false","false","","","0","0","long","false","2211f1c9b7ac748d1efa1e7de0d3e61cd95ea701401dabdad29651a37820022c"
