"prestosql/presto","c20f57d08decf422e518a0d1036f8f2a212606af","1498860000","","","","com.facebook.presto.hive.benchmark.HiveFileFormatBenchmark.read","20","20","","","","","BOTH_UNSET","BOTH_UNSET","BOTH_UNSET","50","50","","","","","BOTH_UNSET","BOTH_UNSET","BOTH_UNSET","3","3","","","","","","","","","","","","","","","","","com.facebook.presto.hive.benchmark.HiveFileFormatBenchmark.CompressionCounter","1","false","false","false","false","false","dataSet=com.facebook.presto.hive.benchmark.HiveFileFormatBenchmark&compression=com.facebook.presto.hive.benchmark.HiveFileFormatBenchmark&fileFormat=com.facebook.presto.hive.benchmark.HiveFileFormatBenchmark","dataSet=LINEITEM&dataSet=BIGINT_SEQUENTIAL&dataSet=BIGINT_RANDOM&dataSet=VARCHAR_SMALL&dataSet=VARCHAR_LARGE&dataSet=VARCHAR_DICTIONARY&dataSet=MAP_VARCHAR_DOUBLE&dataSet=LARGE_MAP_VARCHAR_DOUBLE&dataSet=MAP_INT_DOUBLE&dataSet=LARGE_MAP_INT_DOUBLE&dataSet=LARGE_ARRAY_VARCHAR&compression=NONE&compression=SNAPPY&compression=GZIP&fileFormat=PRESTO_RCBINARY&fileFormat=PRESTO_RCTEXT&fileFormat=PRESTO_ORC&fileFormat=PRESTO_DWRF&fileFormat=PRESTO_PARQUET&fileFormat=HIVE_RCBINARY&fileFormat=HIVE_RCTEXT&fileFormat=HIVE_ORC&fileFormat=HIVE_DWRF&fileFormat=HIVE_PARQUET","3","0","java.util.List<com.facebook.presto.spi.Page>","false","63dee7356626f1a40180bb5dbc002b8d87459805cb70e8f8ba3bdb0dac3ff1f7"
"prestosql/presto","c20f57d08decf422e518a0d1036f8f2a212606af","1498860000","","","","com.facebook.presto.hive.benchmark.HiveFileFormatBenchmark.write","20","20","","","","","BOTH_UNSET","BOTH_UNSET","BOTH_UNSET","50","50","","","","","BOTH_UNSET","BOTH_UNSET","BOTH_UNSET","3","3","","","","","","","","","","","","","","","","","com.facebook.presto.hive.benchmark.HiveFileFormatBenchmark.CompressionCounter","1","false","false","false","false","false","dataSet=com.facebook.presto.hive.benchmark.HiveFileFormatBenchmark&compression=com.facebook.presto.hive.benchmark.HiveFileFormatBenchmark&fileFormat=com.facebook.presto.hive.benchmark.HiveFileFormatBenchmark","dataSet=LINEITEM&dataSet=BIGINT_SEQUENTIAL&dataSet=BIGINT_RANDOM&dataSet=VARCHAR_SMALL&dataSet=VARCHAR_LARGE&dataSet=VARCHAR_DICTIONARY&dataSet=MAP_VARCHAR_DOUBLE&dataSet=LARGE_MAP_VARCHAR_DOUBLE&dataSet=MAP_INT_DOUBLE&dataSet=LARGE_MAP_INT_DOUBLE&dataSet=LARGE_ARRAY_VARCHAR&compression=NONE&compression=SNAPPY&compression=GZIP&fileFormat=PRESTO_RCBINARY&fileFormat=PRESTO_RCTEXT&fileFormat=PRESTO_ORC&fileFormat=PRESTO_DWRF&fileFormat=PRESTO_PARQUET&fileFormat=HIVE_RCBINARY&fileFormat=HIVE_RCTEXT&fileFormat=HIVE_ORC&fileFormat=HIVE_DWRF&fileFormat=HIVE_PARQUET","3","0","java.io.File","false","34af000ad53332f6f45a382c24296ce110a3f28ce476fa0e1fb7cfcf79533ab7"
"prestosql/presto","c20f57d08decf422e518a0d1036f8f2a212606af","1498860000","","","","com.facebook.presto.BenchmarkPagesIndexPageSorter.runBenchmark","10","10","","500000000","500000000","","BOTH_SET","BOTH_SET","BOTH_UNSET","10","10","","500000000","500000000","","BOTH_SET","BOTH_SET","BOTH_UNSET","3","3","","","","","","","","","","","","","","","","","com.facebook.presto.BenchmarkPagesIndexPageSorter.BenchmarkData","1","false","false","false","false","false","numSortChannels=com.facebook.presto.BenchmarkPagesIndexPageSorter.BenchmarkData&sortChannelType=com.facebook.presto.BenchmarkPagesIndexPageSorter.BenchmarkData","numSortChannels=2&numSortChannels=3&numSortChannels=4&numSortChannels=5&sortChannelType=BIGINT&sortChannelType=VARCHAR&sortChannelType=DOUBLE&sortChannelType=BOOLEAN","2","2","int","false","d312c38d087ef8a48f3c8a6f4dd9b488240e630eb182dea85f197c3f35fc0875"
"prestosql/presto","c20f57d08decf422e518a0d1036f8f2a212606af","1498860000","","","","com.facebook.presto.type.BenchmarkBigIntOperators.overflowChecksAdd","100","100","","500000000","500000000","","BOTH_SET","BOTH_SET","BOTH_UNSET","100","100","","500000000","500000000","","BOTH_SET","BOTH_SET","BOTH_UNSET","2","2","","","","","true","true","","false","false","","false","false","","false","false","","","0","false","false","false","false","false","","","0","0","java.lang.Object","false","946f7e1adccf3c155259b173a973375ae8a081a31d18561422d20c4a8f81c04e"
"prestosql/presto","c20f57d08decf422e518a0d1036f8f2a212606af","1498860000","","","","com.facebook.presto.type.BenchmarkBigIntOperators.overflowChecksSubtract","100","100","","500000000","500000000","","BOTH_SET","BOTH_SET","BOTH_UNSET","100","100","","500000000","500000000","","BOTH_SET","BOTH_SET","BOTH_UNSET","2","2","","","","","true","true","","false","false","","false","false","","false","false","","","0","false","false","false","false","false","","","0","0","java.lang.Object","false","305b766b2f76789a616f72330bfbdc0876511bf58e41aafa3bac6bd3f951aa67"
"prestosql/presto","c20f57d08decf422e518a0d1036f8f2a212606af","1498860000","","","","com.facebook.presto.type.BenchmarkBigIntOperators.overflowChecksMultiply","100","100","","500000000","500000000","","BOTH_SET","BOTH_SET","BOTH_UNSET","100","100","","500000000","500000000","","BOTH_SET","BOTH_SET","BOTH_UNSET","2","2","","","","","true","true","","false","false","","false","false","","false","false","","","0","false","false","false","false","false","","","0","0","java.lang.Object","false","fbb6b10a68c1e755221ad0981abfc639f023b3250d7cc17cfa3fe631d75f6ec8"
"prestosql/presto","c20f57d08decf422e518a0d1036f8f2a212606af","1498860000","","","","com.facebook.presto.type.BenchmarkBigIntOperators.overflowChecksDivide","100","100","","500000000","500000000","","BOTH_SET","BOTH_SET","BOTH_UNSET","100","100","","500000000","500000000","","BOTH_SET","BOTH_SET","BOTH_UNSET","2","2","","","","","true","true","","false","false","","false","false","","false","false","","","0","false","false","false","false","false","","","0","0","java.lang.Object","false","7cae37f4dfcb6149052445eae7425815eb87fa46bedd6c837069195870b88b82"
"prestosql/presto","c20f57d08decf422e518a0d1036f8f2a212606af","1498860000","","","","com.facebook.presto.type.BenchmarkBigIntOperators.overflowChecksNegate","100","100","","500000000","500000000","","BOTH_SET","BOTH_SET","BOTH_UNSET","100","100","","500000000","500000000","","BOTH_SET","BOTH_SET","BOTH_UNSET","2","2","","","","","true","true","","false","false","","false","false","","false","false","","","0","false","false","false","false","false","","","0","0","java.lang.Object","false","57b7694767e73bf9343d5f1d596d233f9f886b1f6844b76d1f2dcbbbd4333ea2"
"prestosql/presto","c20f57d08decf422e518a0d1036f8f2a212606af","1498860000","","","","com.facebook.presto.type.BenchmarkBigIntOperators.baseLineAdd","100","100","","500000000","500000000","","BOTH_SET","BOTH_SET","BOTH_UNSET","100","100","","500000000","500000000","","BOTH_SET","BOTH_SET","BOTH_UNSET","2","2","","","","","true","true","","false","false","","false","false","","false","false","","","0","false","false","false","false","false","","","0","0","java.lang.Object","false","96d9de24a529da329ffa57e2c97b6187c8eaf3f809e0e6f76c5212e353f945a0"
"prestosql/presto","c20f57d08decf422e518a0d1036f8f2a212606af","1498860000","","","","com.facebook.presto.type.BenchmarkBigIntOperators.baseLineSubtract","100","100","","500000000","500000000","","BOTH_SET","BOTH_SET","BOTH_UNSET","100","100","","500000000","500000000","","BOTH_SET","BOTH_SET","BOTH_UNSET","2","2","","","","","true","true","","false","false","","false","false","","false","false","","","0","false","false","false","false","false","","","0","0","java.lang.Object","false","8e4711125bc449e542998f3579006e309556f0b18fc0f397e8a852c4e2f3a4ef"
"prestosql/presto","c20f57d08decf422e518a0d1036f8f2a212606af","1498860000","","","","com.facebook.presto.type.BenchmarkBigIntOperators.baseLineMultiply","100","100","","500000000","500000000","","BOTH_SET","BOTH_SET","BOTH_UNSET","100","100","","500000000","500000000","","BOTH_SET","BOTH_SET","BOTH_UNSET","2","2","","","","","true","true","","false","false","","false","false","","false","false","","","0","false","false","false","false","false","","","0","0","java.lang.Object","false","1687accc07104ecf50ee110af82188e39c893e4f4b1d588ab3f8cf2f141fbf9b"
"prestosql/presto","c20f57d08decf422e518a0d1036f8f2a212606af","1498860000","","","","com.facebook.presto.type.BenchmarkBigIntOperators.baseLineDivide","100","100","","500000000","500000000","","BOTH_SET","BOTH_SET","BOTH_UNSET","100","100","","500000000","500000000","","BOTH_SET","BOTH_SET","BOTH_UNSET","2","2","","","","","true","true","","false","false","","false","false","","false","false","","","0","false","false","false","false","false","","","0","0","java.lang.Object","false","5b8bbad10b644b35dd344a5858ddcc83127d3a42e34304bd4dc26f083be7038a"
"prestosql/presto","c20f57d08decf422e518a0d1036f8f2a212606af","1498860000","","","","com.facebook.presto.type.BenchmarkBigIntOperators.baseLineNegate","100","100","","500000000","500000000","","BOTH_SET","BOTH_SET","BOTH_UNSET","100","100","","500000000","500000000","","BOTH_SET","BOTH_SET","BOTH_UNSET","2","2","","","","","true","true","","false","false","","false","false","","false","false","","","0","false","false","false","false","false","","","0","0","java.lang.Object","false","7f79928af10860b19b93642cd520cc9d05cc346de8d212ff63ebb0af9b1565b9"
"prestosql/presto","c20f57d08decf422e518a0d1036f8f2a212606af","1498860000","","","","com.facebook.presto.type.BenchmarkDecimalOperators.castDoubleToDecimalBenchmark","20","20","","","","","UNIT_SET","UNIT_SET","BOTH_UNSET","10","10","","","","","UNIT_SET","UNIT_SET","BOTH_UNSET","3","3","","","","","","","","","","","","","","","","","com.facebook.presto.type.BenchmarkDecimalOperators.CastDoubleToDecimalBenchmarkState","1","false","false","false","false","false","precision=com.facebook.presto.type.BenchmarkDecimalOperators.CastDoubleToDecimalBenchmarkState","precision=10&precision=35&precision=BIGINT","1","1","java.lang.Object","false","903e994ae45f31c2bfe57c0f11046fec9004224b15b6992b39792347bb4b869f"
"prestosql/presto","c20f57d08decf422e518a0d1036f8f2a212606af","1498860000","","","","com.facebook.presto.type.BenchmarkDecimalOperators.castDecimalToDoubleBenchmark","20","20","","","","","UNIT_SET","UNIT_SET","BOTH_UNSET","10","10","","","","","UNIT_SET","UNIT_SET","BOTH_UNSET","3","3","","","","","","","","","","","","","","","","","com.facebook.presto.type.BenchmarkDecimalOperators.CastDecimalToDoubleBenchmarkState","1","false","false","false","false","false","precision=com.facebook.presto.type.BenchmarkDecimalOperators.CastDecimalToDoubleBenchmarkState","precision=15&precision=35","1","1","java.lang.Object","false","f4321bc468a2841b090a4f55f32d97505781a2feca7d2b5e1a1c6b575dfd7766"
"prestosql/presto","c20f57d08decf422e518a0d1036f8f2a212606af","1498860000","","","","com.facebook.presto.type.BenchmarkDecimalOperators.castDecimalToVarcharBenchmark","20","20","","","","","UNIT_SET","UNIT_SET","BOTH_UNSET","10","10","","","","","UNIT_SET","UNIT_SET","BOTH_UNSET","3","3","","","","","","","","","","","","","","","","","com.facebook.presto.type.BenchmarkDecimalOperators.CastDecimalToVarcharBenchmarkState","1","false","false","false","false","false","precision=com.facebook.presto.type.BenchmarkDecimalOperators.CastDecimalToVarcharBenchmarkState","precision=15&precision=35","1","1","java.lang.Object","false","7fb679cf6891f965fb50dbf355394e415e540b16768ee62a40b98a7ee29734b0"
"prestosql/presto","c20f57d08decf422e518a0d1036f8f2a212606af","1498860000","","","","com.facebook.presto.type.BenchmarkDecimalOperators.additionBenchmark","20","20","","","","","UNIT_SET","UNIT_SET","BOTH_UNSET","10","10","","","","","UNIT_SET","UNIT_SET","BOTH_UNSET","3","3","","","","","","","","","","","","","","","","","com.facebook.presto.type.BenchmarkDecimalOperators.AdditionBenchmarkState","1","false","false","false","false","false","expression=com.facebook.presto.type.BenchmarkDecimalOperators.AdditionBenchmarkState","expression=d1 + d2&expression=d1 + d2 + d3 + d4&expression=s1 + s2&expression=s1 + s2 + s3 + s4&expression=l1 + l2&expression=l1 + l2 + l3 + l4&expression=s2 + l3 + l1 + s4","1","1","java.lang.Object","false","cd3b9119d4699459c94420c94fe71f1f0fee8c85f242460c5684075509eaf006"
"prestosql/presto","c20f57d08decf422e518a0d1036f8f2a212606af","1498860000","","","","com.facebook.presto.type.BenchmarkDecimalOperators.multiplyBenchmark","20","20","","","","","UNIT_SET","UNIT_SET","BOTH_UNSET","10","10","","","","","UNIT_SET","UNIT_SET","BOTH_UNSET","3","3","","","","","","","","","","","","","","","","","com.facebook.presto.type.BenchmarkDecimalOperators.MultiplyBenchmarkState","1","false","false","false","false","false","expression=com.facebook.presto.type.BenchmarkDecimalOperators.MultiplyBenchmarkState","expression=d1 * d2&expression=d1 * d2 * d3 * d4&expression=i1 * i2&expression=s1 * s2&expression=s1 * s2 * s5 * s6&expression=s3 * s4&expression=l2 * s2&expression=l2 * s2 * s5 * s6&expression=s1 * l2&expression=l1 * l2","1","1","java.lang.Object","false","57919e74c77c740f8a7de5e1d79648f409ba52a4873409694c6793ea4f6ffad7"
"prestosql/presto","c20f57d08decf422e518a0d1036f8f2a212606af","1498860000","","","","com.facebook.presto.type.BenchmarkDecimalOperators.divisionBenchmark","20","20","","","","","UNIT_SET","UNIT_SET","BOTH_UNSET","10","10","","","","","UNIT_SET","UNIT_SET","BOTH_UNSET","3","3","","","","","","","","","","","","","","","","","com.facebook.presto.type.BenchmarkDecimalOperators.DivisionBenchmarkState","1","false","false","false","false","false","expression=com.facebook.presto.type.BenchmarkDecimalOperators.DivisionBenchmarkState","expression=d1 / d2&expression=d1 / d2 / d3 / d4&expression=i1 / i2&expression=i1 / i2 / i3 / i4&expression=s1 / s2&expression=s1 / s2 / s2 / s2&expression=s1 / s3&expression=s2 / l1&expression=l1 / s2&expression=s3 / l1&expression=l2 / l3&expression=l2 / l4 / l4 / l4&expression=l2 / s4 / s4 / s4","1","1","java.lang.Object","false","b362a6b37989057de4f7d6b4ab33f3a787bbc653bbf1c8224c40f36ad943a18e"
"prestosql/presto","c20f57d08decf422e518a0d1036f8f2a212606af","1498860000","","","","com.facebook.presto.type.BenchmarkDecimalOperators.moduloBenchmark","20","20","","","","","UNIT_SET","UNIT_SET","BOTH_UNSET","10","10","","","","","UNIT_SET","UNIT_SET","BOTH_UNSET","3","3","","","","","","","","","","","","","","","","","com.facebook.presto.type.BenchmarkDecimalOperators.ModuloBenchmarkState","1","false","false","false","false","false","expression=com.facebook.presto.type.BenchmarkDecimalOperators.ModuloBenchmarkState","expression=d1 % d2&expression=d1 % d2 % d3 % d4&expression=i1 % i2&expression=i1 % i2 % i3 % i4&expression=s1 % s2&expression=s1 % s2 % s2 % s2&expression=s2 % l2&expression=l3 % s3&expression=s4 % l3&expression=l2 % l3&expression=l2 % l3 % l4 % l1","1","1","java.lang.Object","false","9cbf6c05da5fdc9058df9527a259bfe3412c065a81ccc3cd2e4d3a66f852c50b"
"prestosql/presto","c20f57d08decf422e518a0d1036f8f2a212606af","1498860000","","","","com.facebook.presto.type.BenchmarkDecimalOperators.inequalityBenchmark","20","20","","","","","UNIT_SET","UNIT_SET","BOTH_UNSET","10","10","","","","","UNIT_SET","UNIT_SET","BOTH_UNSET","3","3","","","","","","","","","","","","","","","","","com.facebook.presto.type.BenchmarkDecimalOperators.InequalityBenchmarkState","1","false","false","false","false","false","expression=com.facebook.presto.type.BenchmarkDecimalOperators.InequalityBenchmarkState","expression=d1 < d2&expression=d1 < d2 AND d1 < d3 AND d1 < d4 AND d2 < d3 AND d2 < d4 AND d3 < d4&expression=s1 < s2&expression=s1 < s2 AND s1 < s3 AND s1 < s4 AND s2 < s3 AND s2 < s4 AND s3 < s4&expression=l1 < l2&expression=l1 < l2 AND l1 < l3 AND l1 < l4 AND l2 < l3 AND l2 < l4 AND l3 < l4","1","1","java.lang.Object","false","c78c5e6bbd5e94587e36c65980e0797933a4a51a9a9338a4d06aac7c07dbd5b7"
"prestosql/presto","c20f57d08decf422e518a0d1036f8f2a212606af","1498860000","","","","com.facebook.presto.type.BenchmarkDecimalOperators.decimalToShortDecimalCastBenchmark","20","20","","","","","UNIT_SET","UNIT_SET","BOTH_UNSET","10","10","","","","","UNIT_SET","UNIT_SET","BOTH_UNSET","3","3","","","","","","","","","","","","","","","","","com.facebook.presto.type.BenchmarkDecimalOperators.DecimalToShortDecimalCastBenchmarkState","1","false","false","false","false","false","expression=com.facebook.presto.type.BenchmarkDecimalOperators.DecimalToShortDecimalCastBenchmarkState","expression=cast(l_38_30 as decimal(8, 0))&expression=cast(l_26_18 as decimal(8, 0))&expression=cast(l_20_12 as decimal(8, 0))&expression=cast(l_20_8 as decimal(8, 0))&expression=cast(s_17_9 as decimal(8, 0))","1","1","java.lang.Object","false","0080b4993f7875af86648d5218dfa51d9b295574298f7f3a5123660ea20721a5"
"prestosql/presto","c20f57d08decf422e518a0d1036f8f2a212606af","1498860000","","","","com.facebook.presto.operator.spiller.BenchmarkBinaryFileSpiller.write","5","5","","500000000","500000000","","BOTH_SET","BOTH_SET","BOTH_UNSET","10","10","","500000000","500000000","","BOTH_SET","BOTH_SET","BOTH_UNSET","3","3","","","","","","","","","","","","","","","","","com.facebook.presto.operator.spiller.BenchmarkBinaryFileSpiller.BenchmarkData","1","false","false","false","false","false","rowsPerPage=com.facebook.presto.operator.spiller.BenchmarkBinaryFileSpiller.BenchmarkData&pagesCount=com.facebook.presto.operator.spiller.BenchmarkBinaryFileSpiller.BenchmarkData","rowsPerPage=10000&pagesCount=10","2","2","","false","cb2b5a4056eb26dcb6e80ea3f181934fad759a2ec6dc151253d87832c24d0287"
"prestosql/presto","c20f57d08decf422e518a0d1036f8f2a212606af","1498860000","","","","com.facebook.presto.operator.spiller.BenchmarkBinaryFileSpiller.read","5","5","","500000000","500000000","","BOTH_SET","BOTH_SET","BOTH_UNSET","10","10","","500000000","500000000","","BOTH_SET","BOTH_SET","BOTH_UNSET","3","3","","","","","","","","","","","","","","","","","com.facebook.presto.operator.spiller.BenchmarkBinaryFileSpiller.BenchmarkData","1","false","false","false","false","false","rowsPerPage=com.facebook.presto.operator.spiller.BenchmarkBinaryFileSpiller.BenchmarkData&pagesCount=com.facebook.presto.operator.spiller.BenchmarkBinaryFileSpiller.BenchmarkData","rowsPerPage=10000&pagesCount=10","2","2","","false","78775a053fb2db113e03a058454a1777863fc5a5dd3dd078d0e3b1383cc500da"
"prestosql/presto","c20f57d08decf422e518a0d1036f8f2a212606af","1498860000","","","","com.facebook.presto.operator.BenchmarkHashBuildAndJoinOperators.benchmarkBuildHash","5","5","","","","","BOTH_UNSET","BOTH_UNSET","BOTH_UNSET","10","10","","2000000000","2000000000","","BOTH_SET","BOTH_SET","BOTH_UNSET","3","3","","","","","false","false","","true","true","","false","false","","false","false","","com.facebook.presto.operator.BenchmarkHashBuildAndJoinOperators.BuildContext","1","false","false","false","false","false","hashColumns=com.facebook.presto.operator.BenchmarkHashBuildAndJoinOperators.BuildContext&buildHashEnabled=com.facebook.presto.operator.BenchmarkHashBuildAndJoinOperators.BuildContext&buildRowsRepetition=com.facebook.presto.operator.BenchmarkHashBuildAndJoinOperators.BuildContext","hashColumns=varchar&hashColumns=bigint&hashColumns=all&buildHashEnabled=false&buildHashEnabled=true&buildRowsRepetition=1&buildRowsRepetition=5","3","3","com.facebook.presto.operator.LookupSourceFactory","false","e198cc3485f8bd48e32328ef54c7b7c7c7d774a97e253d52d4530f4e499b3e9a"
"prestosql/presto","c20f57d08decf422e518a0d1036f8f2a212606af","1498860000","","","","com.facebook.presto.operator.BenchmarkHashBuildAndJoinOperators.benchmarkJoinHash","5","5","","","","","BOTH_UNSET","BOTH_UNSET","BOTH_UNSET","10","10","","2000000000","2000000000","","BOTH_SET","BOTH_SET","BOTH_UNSET","3","3","","","","","false","false","","true","true","","false","false","","false","false","","com.facebook.presto.operator.BenchmarkHashBuildAndJoinOperators.JoinContext","1","false","false","false","false","false","matchRate=com.facebook.presto.operator.BenchmarkHashBuildAndJoinOperators.JoinContext&outputColumns=com.facebook.presto.operator.BenchmarkHashBuildAndJoinOperators.JoinContext","matchRate=0.1&matchRate=1&matchRate=2&outputColumns=bigint&outputColumns=all","2","2","java.util.List<com.facebook.presto.spi.Page>","false","03d6cd2cd3f16855fcc1e513274f8e56f7385ba7f35727c17decf966e6c384c3"
"prestosql/presto","c20f57d08decf422e518a0d1036f8f2a212606af","1498860000","","","","com.facebook.presto.operator.scalar.BenchmarkMapConcat.mapConcat","10","10","","500000000","500000000","","BOTH_SET","BOTH_SET","BOTH_UNSET","10","10","","500000000","500000000","","BOTH_SET","BOTH_SET","BOTH_UNSET","2","2","","","","","false","false","","true","true","","false","false","","false","false","","com.facebook.presto.operator.scalar.BenchmarkMapConcat.BenchmarkData","1","false","false","false","false","false","mapConfig=com.facebook.presto.operator.scalar.BenchmarkMapConcat.BenchmarkData","mapConfig=left_empty&mapConfig=right_empty&mapConfig=both_empty&mapConfig=non_empty","1","1","java.util.List<com.facebook.presto.spi.Page>","false","9b2d643598669ff9d8c841714002293f6b99390d1547140f4b021dd87e2cf8e2"
"prestosql/presto","c20f57d08decf422e518a0d1036f8f2a212606af","1498860000","","","","com.facebook.presto.operator.scalar.BenchmarkArraySort.arraySort","10","10","","500000000","500000000","","BOTH_SET","BOTH_SET","BOTH_UNSET","10","10","","500000000","500000000","","BOTH_SET","BOTH_SET","BOTH_UNSET","2","2","","","","","false","false","","true","true","","false","false","","false","false","","com.facebook.presto.operator.scalar.BenchmarkArraySort.BenchmarkData","1","false","false","false","false","false","name=com.facebook.presto.operator.scalar.BenchmarkArraySort.BenchmarkData","name=array_sort&name=old_array_sort","1","1","java.util.List<com.facebook.presto.spi.Page>","false","788fd33f8d7f01b34c36607f2d4e630081cc484d040010eb39a2822541b0aa8a"
"prestosql/presto","c20f57d08decf422e518a0d1036f8f2a212606af","1498860000","","","","com.facebook.presto.operator.scalar.BenchmarkArrayTransform.benchmark","10","10","","500000000","500000000","","BOTH_SET","BOTH_SET","BOTH_UNSET","10","10","","500000000","500000000","","BOTH_SET","BOTH_SET","BOTH_UNSET","2","2","","","","","false","false","","true","true","","false","false","","false","false","","com.facebook.presto.operator.scalar.BenchmarkArrayTransform.BenchmarkData","1","false","false","false","false","false","","","0","0","java.lang.Object","false","efd8658e164c029f563de791514726466edcf9f19cd458603c413c5b671eafb8"
"prestosql/presto","c20f57d08decf422e518a0d1036f8f2a212606af","1498860000","","","","com.facebook.presto.operator.scalar.BenchmarkMapSubscript.mapSubscript","10","10","","500000000","500000000","","BOTH_SET","BOTH_SET","BOTH_UNSET","10","10","","500000000","500000000","","BOTH_SET","BOTH_SET","BOTH_UNSET","2","2","","","","","false","false","","true","true","","false","false","","false","false","","com.facebook.presto.operator.scalar.BenchmarkMapSubscript.BenchmarkData","1","false","false","false","false","false","name=com.facebook.presto.operator.scalar.BenchmarkMapSubscript.BenchmarkData&mapSize=com.facebook.presto.operator.scalar.BenchmarkMapSubscript.BenchmarkData","name=fix-width&name=var-width&name=dictionary&mapSize=1&mapSize=13","2","2","java.util.List<com.facebook.presto.spi.Page>","false","6cb801658a2fa2cfca4bb9024723912168bd662e7eaaf117d576ad02af0bf14b"
"prestosql/presto","c20f57d08decf422e518a0d1036f8f2a212606af","1498860000","","","","com.facebook.presto.operator.scalar.StringFunctionsBenchmark.benchmarkLength","4","4","","500000000","500000000","","BOTH_SET","BOTH_SET","BOTH_UNSET","5","5","","500000000","500000000","","BOTH_SET","BOTH_SET","BOTH_UNSET","1","1","","","","","false","false","","true","true","","false","false","","false","false","","com.facebook.presto.operator.scalar.StringFunctionsBenchmark.BenchmarkData","1","false","false","false","false","false","length=com.facebook.presto.operator.scalar.StringFunctionsBenchmark.BenchmarkData&ascii=com.facebook.presto.operator.scalar.StringFunctionsBenchmark.BenchmarkData","length=2&length=5&length=10&length=100&length=1000&length=10000&ascii=true&ascii=false","2","2","long","false","765939ac4ad355298a5cc5a11ae8dcd93b37fe45cca079a24a45a58dad9662a4"
"prestosql/presto","c20f57d08decf422e518a0d1036f8f2a212606af","1498860000","","","","com.facebook.presto.operator.scalar.StringFunctionsBenchmark.benchmarkSubstringStart","4","4","","500000000","500000000","","BOTH_SET","BOTH_SET","BOTH_UNSET","5","5","","500000000","500000000","","BOTH_SET","BOTH_SET","BOTH_UNSET","1","1","","","","","false","false","","true","true","","false","false","","false","false","","com.facebook.presto.operator.scalar.StringFunctionsBenchmark.BenchmarkData","1","false","false","false","false","false","length=com.facebook.presto.operator.scalar.StringFunctionsBenchmark.BenchmarkData&ascii=com.facebook.presto.operator.scalar.StringFunctionsBenchmark.BenchmarkData","length=2&length=5&length=10&length=100&length=1000&length=10000&ascii=true&ascii=false","2","2","com.facebook.presto.operator.scalar.Slice","false","bf1de73d6dab54f1d99cd3dab0c0146fbd1a0192cb4528f94d402e565d1c088c"
"prestosql/presto","c20f57d08decf422e518a0d1036f8f2a212606af","1498860000","","","","com.facebook.presto.operator.scalar.StringFunctionsBenchmark.benchmarkSubstringStartLength","4","4","","500000000","500000000","","BOTH_SET","BOTH_SET","BOTH_UNSET","5","5","","500000000","500000000","","BOTH_SET","BOTH_SET","BOTH_UNSET","1","1","","","","","false","false","","true","true","","false","false","","false","false","","com.facebook.presto.operator.scalar.StringFunctionsBenchmark.BenchmarkData","1","false","false","false","false","false","length=com.facebook.presto.operator.scalar.StringFunctionsBenchmark.BenchmarkData&ascii=com.facebook.presto.operator.scalar.StringFunctionsBenchmark.BenchmarkData","length=2&length=5&length=10&length=100&length=1000&length=10000&ascii=true&ascii=false","2","2","com.facebook.presto.operator.scalar.Slice","false","1f0680654425c468496c7fcb391566662ea59dcada80c21646a1fcc42ee12c14"
"prestosql/presto","c20f57d08decf422e518a0d1036f8f2a212606af","1498860000","","","","com.facebook.presto.operator.scalar.StringFunctionsBenchmark.benchmarkSubstringStartFromEnd","4","4","","500000000","500000000","","BOTH_SET","BOTH_SET","BOTH_UNSET","5","5","","500000000","500000000","","BOTH_SET","BOTH_SET","BOTH_UNSET","1","1","","","","","false","false","","true","true","","false","false","","false","false","","com.facebook.presto.operator.scalar.StringFunctionsBenchmark.BenchmarkData","1","false","false","false","false","false","length=com.facebook.presto.operator.scalar.StringFunctionsBenchmark.BenchmarkData&ascii=com.facebook.presto.operator.scalar.StringFunctionsBenchmark.BenchmarkData","length=2&length=5&length=10&length=100&length=1000&length=10000&ascii=true&ascii=false","2","2","com.facebook.presto.operator.scalar.Slice","false","b76c9db96809cbb43b6dada4269982862618532c1246c1036db1f3c0522dea35"
"prestosql/presto","c20f57d08decf422e518a0d1036f8f2a212606af","1498860000","","","","com.facebook.presto.operator.scalar.StringFunctionsBenchmark.benchmarkSubstringStartLengthFromEnd","4","4","","500000000","500000000","","BOTH_SET","BOTH_SET","BOTH_UNSET","5","5","","500000000","500000000","","BOTH_SET","BOTH_SET","BOTH_UNSET","1","1","","","","","false","false","","true","true","","false","false","","false","false","","com.facebook.presto.operator.scalar.StringFunctionsBenchmark.BenchmarkData","1","false","false","false","false","false","length=com.facebook.presto.operator.scalar.StringFunctionsBenchmark.BenchmarkData&ascii=com.facebook.presto.operator.scalar.StringFunctionsBenchmark.BenchmarkData","length=2&length=5&length=10&length=100&length=1000&length=10000&ascii=true&ascii=false","2","2","com.facebook.presto.operator.scalar.Slice","false","b82c8ca6457bee09eff8032429d4066000eee3cc47eaab9c803f4d0558806a00"
"prestosql/presto","c20f57d08decf422e518a0d1036f8f2a212606af","1498860000","","","","com.facebook.presto.operator.scalar.StringFunctionsBenchmark.benchmarkReverse","4","4","","500000000","500000000","","BOTH_SET","BOTH_SET","BOTH_UNSET","5","5","","500000000","500000000","","BOTH_SET","BOTH_SET","BOTH_UNSET","1","1","","","","","false","false","","true","true","","false","false","","false","false","","com.facebook.presto.operator.scalar.StringFunctionsBenchmark.BenchmarkData","1","false","false","false","false","false","length=com.facebook.presto.operator.scalar.StringFunctionsBenchmark.BenchmarkData&ascii=com.facebook.presto.operator.scalar.StringFunctionsBenchmark.BenchmarkData","length=2&length=5&length=10&length=100&length=1000&length=10000&ascii=true&ascii=false","2","2","com.facebook.presto.operator.scalar.Slice","false","fdc22464f56282544bfe02d6d0925a5597876f99b90ddf1d603f76fd6c168f0d"
"prestosql/presto","c20f57d08decf422e518a0d1036f8f2a212606af","1498860000","","","","com.facebook.presto.operator.scalar.StringFunctionsBenchmark.benchmarkLeftTrim","4","4","","500000000","500000000","","BOTH_SET","BOTH_SET","BOTH_UNSET","5","5","","500000000","500000000","","BOTH_SET","BOTH_SET","BOTH_UNSET","1","1","","","","","false","false","","true","true","","false","false","","false","false","","com.facebook.presto.operator.scalar.StringFunctionsBenchmark.WhitespaceData","1","false","false","false","false","false","length=com.facebook.presto.operator.scalar.StringFunctionsBenchmark.WhitespaceData&ascii=com.facebook.presto.operator.scalar.StringFunctionsBenchmark.WhitespaceData","length=2&length=5&length=10&length=100&length=1000&length=10000&ascii=true&ascii=false","2","2","com.facebook.presto.operator.scalar.Slice","false","01787f0a5929d0874915593e66fd364b8515b2b7982c61ecbe0de4526e660137"
"prestosql/presto","c20f57d08decf422e518a0d1036f8f2a212606af","1498860000","","","","com.facebook.presto.operator.scalar.StringFunctionsBenchmark.benchmarkRightTrim","4","4","","500000000","500000000","","BOTH_SET","BOTH_SET","BOTH_UNSET","5","5","","500000000","500000000","","BOTH_SET","BOTH_SET","BOTH_UNSET","1","1","","","","","false","false","","true","true","","false","false","","false","false","","com.facebook.presto.operator.scalar.StringFunctionsBenchmark.WhitespaceData","1","false","false","false","false","false","length=com.facebook.presto.operator.scalar.StringFunctionsBenchmark.WhitespaceData&ascii=com.facebook.presto.operator.scalar.StringFunctionsBenchmark.WhitespaceData","length=2&length=5&length=10&length=100&length=1000&length=10000&ascii=true&ascii=false","2","2","com.facebook.presto.operator.scalar.Slice","false","7b27e001786c733f02e5583fef619aa55693afd5677d3f9ef079166ef19efe98"
"prestosql/presto","c20f57d08decf422e518a0d1036f8f2a212606af","1498860000","","","","com.facebook.presto.operator.scalar.StringFunctionsBenchmark.benchmarkTrim","4","4","","500000000","500000000","","BOTH_SET","BOTH_SET","BOTH_UNSET","5","5","","500000000","500000000","","BOTH_SET","BOTH_SET","BOTH_UNSET","1","1","","","","","false","false","","true","true","","false","false","","false","false","","com.facebook.presto.operator.scalar.StringFunctionsBenchmark.WhitespaceData","1","false","false","false","false","false","length=com.facebook.presto.operator.scalar.StringFunctionsBenchmark.WhitespaceData&ascii=com.facebook.presto.operator.scalar.StringFunctionsBenchmark.WhitespaceData","length=2&length=5&length=10&length=100&length=1000&length=10000&ascii=true&ascii=false","2","2","com.facebook.presto.operator.scalar.Slice","false","5da7ba0aa6c92ac153ccfc8a8ad55f2c604af8ac09d9bc81c5c0b2c53733e6aa"
"prestosql/presto","c20f57d08decf422e518a0d1036f8f2a212606af","1498860000","","","","com.facebook.presto.operator.scalar.StringFunctionsBenchmark.benchmarkUpper","4","4","","500000000","500000000","","BOTH_SET","BOTH_SET","BOTH_UNSET","5","5","","500000000","500000000","","BOTH_SET","BOTH_SET","BOTH_UNSET","1","1","","","","","false","false","","true","true","","false","false","","false","false","","com.facebook.presto.operator.scalar.StringFunctionsBenchmark.BenchmarkData","1","false","false","false","false","false","length=com.facebook.presto.operator.scalar.StringFunctionsBenchmark.BenchmarkData&ascii=com.facebook.presto.operator.scalar.StringFunctionsBenchmark.BenchmarkData","length=2&length=5&length=10&length=100&length=1000&length=10000&ascii=true&ascii=false","2","2","com.facebook.presto.operator.scalar.Slice","false","df531aebd200ef9d8d3b19d0a9608bc05cd049e2d5018de73b9495c408792d53"
"prestosql/presto","c20f57d08decf422e518a0d1036f8f2a212606af","1498860000","","","","com.facebook.presto.operator.scalar.StringFunctionsBenchmark.benchmarkLower","4","4","","500000000","500000000","","BOTH_SET","BOTH_SET","BOTH_UNSET","5","5","","500000000","500000000","","BOTH_SET","BOTH_SET","BOTH_UNSET","1","1","","","","","false","false","","true","true","","false","false","","false","false","","com.facebook.presto.operator.scalar.StringFunctionsBenchmark.BenchmarkData","1","false","false","false","false","false","length=com.facebook.presto.operator.scalar.StringFunctionsBenchmark.BenchmarkData&ascii=com.facebook.presto.operator.scalar.StringFunctionsBenchmark.BenchmarkData","length=2&length=5&length=10&length=100&length=1000&length=10000&ascii=true&ascii=false","2","2","com.facebook.presto.operator.scalar.Slice","false","2810b4eee18e18034a0e8b82d3f240ed3b08c4f1dff93143bae720b25cbb8d56"
"prestosql/presto","c20f57d08decf422e518a0d1036f8f2a212606af","1498860000","","","","com.facebook.presto.operator.scalar.BenchmarkArrayHashCodeOperator.arrayHashCode","10","10","","500000000","500000000","","BOTH_SET","BOTH_SET","BOTH_UNSET","10","10","","500000000","500000000","","BOTH_SET","BOTH_SET","BOTH_UNSET","2","2","","","","","false","false","","true","true","","false","false","","false","false","","com.facebook.presto.operator.scalar.BenchmarkArrayHashCodeOperator.BenchmarkData","1","false","false","false","false","false","name=com.facebook.presto.operator.scalar.BenchmarkArrayHashCodeOperator.BenchmarkData&type=com.facebook.presto.operator.scalar.BenchmarkArrayHashCodeOperator.BenchmarkData","name=$operator$hash_code&name=old_hash&name=another_hash&type=BIGINT&type=VARCHAR&type=DOUBLE&type=BOOLEAN","2","2","java.util.List<com.facebook.presto.spi.Page>","false","42a66c6f87c2437d3e299211827692e94b53dd9009dcb02c8765b49d5c1c63fe"
"prestosql/presto","c20f57d08decf422e518a0d1036f8f2a212606af","1498860000","","","","com.facebook.presto.operator.scalar.BenchmarkArrayJoin.benchmark","","","","","","","BOTH_UNSET","BOTH_UNSET","BOTH_UNSET","","","","","","","BOTH_UNSET","BOTH_UNSET","BOTH_UNSET","3","3","","","","","false","false","","true","true","","false","false","","false","false","","com.facebook.presto.operator.scalar.BenchmarkArrayJoin.BenchmarkData","1","false","false","false","false","false","","","0","0","java.util.List<com.facebook.presto.spi.Page>","false","2f8b6b6e3c31efb719cbb763271b89db9bb17a5fff415351fbbf481c8b10ffa6"
"prestosql/presto","c20f57d08decf422e518a0d1036f8f2a212606af","1498860000","","","","com.facebook.presto.operator.scalar.BenchmarkRoundFunction.doubleActual","30","30","","500000000","500000000","","BOTH_SET","BOTH_SET","BOTH_UNSET","30","30","","500000000","500000000","","BOTH_SET","BOTH_SET","BOTH_UNSET","2","2","","","","","","","","","","","","","","","","","org.openjdk.jmh.infra.Blackhole","1","true","false","false","false","false","numberOfDecimals=com.facebook.presto.operator.scalar.BenchmarkRoundFunction","numberOfDecimals=0&numberOfDecimals=1&numberOfDecimals=2&numberOfDecimals=3&numberOfDecimals=4","1","0","","false","56b42d4784a598adc28af4dc6a3e2f4a5e9696f4d90098efc2412d4fb09d8b4e"
"prestosql/presto","c20f57d08decf422e518a0d1036f8f2a212606af","1498860000","","","","com.facebook.presto.operator.scalar.BenchmarkRoundFunction.doubleBaseline","30","30","","500000000","500000000","","BOTH_SET","BOTH_SET","BOTH_UNSET","30","30","","500000000","500000000","","BOTH_SET","BOTH_SET","BOTH_UNSET","2","2","","","","","","","","","","","","","","","","","org.openjdk.jmh.infra.Blackhole","1","true","false","false","false","false","numberOfDecimals=com.facebook.presto.operator.scalar.BenchmarkRoundFunction","numberOfDecimals=0&numberOfDecimals=1&numberOfDecimals=2&numberOfDecimals=3&numberOfDecimals=4","1","0","","false","c3c711d091e99063e5200fa6e8fadc2d1d6063173b627bde5bddc6c9800e10b9"
"prestosql/presto","c20f57d08decf422e518a0d1036f8f2a212606af","1498860000","","","","com.facebook.presto.operator.scalar.BenchmarkRoundFunction.floatActual","30","30","","500000000","500000000","","BOTH_SET","BOTH_SET","BOTH_UNSET","30","30","","500000000","500000000","","BOTH_SET","BOTH_SET","BOTH_UNSET","2","2","","","","","","","","","","","","","","","","","org.openjdk.jmh.infra.Blackhole","1","true","false","false","false","false","numberOfDecimals=com.facebook.presto.operator.scalar.BenchmarkRoundFunction","numberOfDecimals=0&numberOfDecimals=1&numberOfDecimals=2&numberOfDecimals=3&numberOfDecimals=4","1","0","","false","ba1fdd582ca157cfe99f051f0405150746df03dea7f897267fe85ef0b0f8dfc9"
"prestosql/presto","c20f57d08decf422e518a0d1036f8f2a212606af","1498860000","","","","com.facebook.presto.operator.scalar.BenchmarkRoundFunction.floatBaseline","30","30","","500000000","500000000","","BOTH_SET","BOTH_SET","BOTH_UNSET","30","30","","500000000","500000000","","BOTH_SET","BOTH_SET","BOTH_UNSET","2","2","","","","","","","","","","","","","","","","","org.openjdk.jmh.infra.Blackhole","1","true","false","false","false","false","numberOfDecimals=com.facebook.presto.operator.scalar.BenchmarkRoundFunction","numberOfDecimals=0&numberOfDecimals=1&numberOfDecimals=2&numberOfDecimals=3&numberOfDecimals=4","1","0","","false","9816e53c433119efc6e82a9f907ce118849cb865f670ef0e15d4a5840008ff20"
"prestosql/presto","c20f57d08decf422e518a0d1036f8f2a212606af","1498860000","","","","com.facebook.presto.operator.scalar.BenchmarkArrayDistinct.arrayDistinct","10","10","","500000000","500000000","","BOTH_SET","BOTH_SET","BOTH_UNSET","10","10","","500000000","500000000","","BOTH_SET","BOTH_SET","BOTH_UNSET","2","2","","","","","false","false","","true","true","","false","false","","false","false","","com.facebook.presto.operator.scalar.BenchmarkArrayDistinct.BenchmarkData","1","false","false","false","false","false","name=com.facebook.presto.operator.scalar.BenchmarkArrayDistinct.BenchmarkData","name=array_distinct&name=old_array_distinct","1","1","java.util.List<com.facebook.presto.spi.Page>","false","e041c80edc52b5fbf7e11342646eafaa35fabc56e77cba01b5d44608c5dfe703"
"prestosql/presto","c20f57d08decf422e518a0d1036f8f2a212606af","1498860000","","","","com.facebook.presto.operator.scalar.BenchmarkArraySubscript.arraySubscript","10","10","","500000000","500000000","","BOTH_SET","BOTH_SET","BOTH_UNSET","10","10","","500000000","500000000","","BOTH_SET","BOTH_SET","BOTH_UNSET","2","2","","","","","false","false","","true","true","","false","false","","false","false","","com.facebook.presto.operator.scalar.BenchmarkArraySubscript.BenchmarkData","1","false","false","false","false","false","name=com.facebook.presto.operator.scalar.BenchmarkArraySubscript.BenchmarkData&arraySize=com.facebook.presto.operator.scalar.BenchmarkArraySubscript.BenchmarkData","name=fix-width&name=var-width&name=dictionary&name=array&arraySize=1&arraySize=13","2","2","java.util.List<com.facebook.presto.spi.Page>","false","3b50f561aac945d214f4cbe0697d2f7ad668c45528515cabf019cd80883f5d12"
"prestosql/presto","c20f57d08decf422e518a0d1036f8f2a212606af","1498860000","","","","com.facebook.presto.operator.scalar.RegexpFunctionsBenchmark.benchmarkLikeJoni","10","10","","","","","BOTH_UNSET","BOTH_UNSET","BOTH_UNSET","10","10","","","","","BOTH_UNSET","BOTH_UNSET","BOTH_UNSET","1","1","","","","","false","false","","true","true","","false","false","","false","false","","com.facebook.presto.operator.scalar.RegexpFunctionsBenchmark.DotStarAroundData","1","false","false","false","false","false","patternString=com.facebook.presto.operator.scalar.RegexpFunctionsBenchmark.DotStarAroundData&sourceLength=com.facebook.presto.operator.scalar.RegexpFunctionsBenchmark.DotStarAroundData","patternString=.*x.*&patternString=.*(x|y).*&patternString=longdotstar&patternString=phone&patternString=literal&sourceLength=1024&sourceLength=32768","2","2","boolean","false","76f804ca222f77a7e233cf8f9cd1b6725b93fffb16fe52ab274a6326e351bf59"
"prestosql/presto","c20f57d08decf422e518a0d1036f8f2a212606af","1498860000","","","","com.facebook.presto.operator.scalar.RegexpFunctionsBenchmark.benchmarkLikeRe2J","10","10","","","","","BOTH_UNSET","BOTH_UNSET","BOTH_UNSET","10","10","","","","","BOTH_UNSET","BOTH_UNSET","BOTH_UNSET","1","1","","","","","false","false","","true","true","","false","false","","false","false","","com.facebook.presto.operator.scalar.RegexpFunctionsBenchmark.DotStarAroundData","1","false","false","false","false","false","patternString=com.facebook.presto.operator.scalar.RegexpFunctionsBenchmark.DotStarAroundData&sourceLength=com.facebook.presto.operator.scalar.RegexpFunctionsBenchmark.DotStarAroundData","patternString=.*x.*&patternString=.*(x|y).*&patternString=longdotstar&patternString=phone&patternString=literal&sourceLength=1024&sourceLength=32768","2","2","boolean","false","c227ce098e4ef392138cec3760de17005f723a1e1c754b9e6e72dcb7a8a3ac42"
"prestosql/presto","c20f57d08decf422e518a0d1036f8f2a212606af","1498860000","","","","com.facebook.presto.operator.scalar.BenchmarkTransformKey.benchmark","10","10","","500000000","500000000","","BOTH_SET","BOTH_SET","BOTH_UNSET","10","10","","500000000","500000000","","BOTH_SET","BOTH_SET","BOTH_UNSET","2","2","","","","","false","false","","true","true","","false","false","","false","false","","com.facebook.presto.operator.scalar.BenchmarkTransformKey.BenchmarkData","1","false","false","false","false","false","type=com.facebook.presto.operator.scalar.BenchmarkTransformKey.BenchmarkData","type=DOUBLE&type=BIGINT","1","1","java.lang.Object","false","bd121639ec4893bcdb7380faeb271b909a2f0016e5fc8360a99cd1c0c9420fca"
"prestosql/presto","c20f57d08decf422e518a0d1036f8f2a212606af","1498860000","","","","com.facebook.presto.operator.scalar.BenchmarkTransformValue.benchmark","10","10","","500000000","500000000","","BOTH_SET","BOTH_SET","BOTH_UNSET","10","10","","500000000","500000000","","BOTH_SET","BOTH_SET","BOTH_UNSET","2","2","","","","","false","false","","true","true","","false","false","","false","false","","com.facebook.presto.operator.scalar.BenchmarkTransformValue.BenchmarkData","1","false","false","false","false","false","type=com.facebook.presto.operator.scalar.BenchmarkTransformValue.BenchmarkData","type=BIGINT&type=DOUBLE&type=VARCHAR","1","1","java.lang.Object","false","bd121639ec4893bcdb7380faeb271b909a2f0016e5fc8360a99cd1c0c9420fca"
"prestosql/presto","c20f57d08decf422e518a0d1036f8f2a212606af","1498860000","","","","com.facebook.presto.operator.scalar.BenchmarkArrayFilter.benchmark","10","10","","500000000","500000000","","BOTH_SET","BOTH_SET","BOTH_UNSET","10","10","","500000000","500000000","","BOTH_SET","BOTH_SET","BOTH_UNSET","2","2","","","","","false","false","","true","true","","false","false","","false","false","","com.facebook.presto.operator.scalar.BenchmarkArrayFilter.BenchmarkData","1","false","false","false","false","false","name=com.facebook.presto.operator.scalar.BenchmarkArrayFilter.BenchmarkData","name=filter&name=exact_filter","1","1","java.util.List<com.facebook.presto.spi.Page>","false","efd0ec257468c0fed689d0a19d8d2f71e15586e1a9a26b6ac740d6f98ea3ebd9"
"prestosql/presto","c20f57d08decf422e518a0d1036f8f2a212606af","1498860000","","","","com.facebook.presto.operator.aggregation.BenchmarkArrayAggregation.arrayAggregation","10","10","","2000000000","2000000000","","BOTH_SET","BOTH_SET","BOTH_UNSET","10","10","","2000000000","2000000000","","BOTH_SET","BOTH_SET","BOTH_UNSET","2","2","","","","","false","false","","true","true","","false","false","","false","false","","com.facebook.presto.operator.aggregation.BenchmarkArrayAggregation.BenchmarkData","1","false","false","false","false","false","type=com.facebook.presto.operator.aggregation.BenchmarkArrayAggregation.BenchmarkData","type=BIGINT&type=VARCHAR&type=DOUBLE&type=BOOLEAN","1","1","","false","3e88a56b9be3b6c230811059b815299cb0a0942de535c8e830eeabb379e20c4f"
"prestosql/presto","c20f57d08decf422e518a0d1036f8f2a212606af","1498860000","","","","com.facebook.presto.operator.BenchmarkGroupByHash.groupByHashPreCompute","10","10","","500000000","500000000","","BOTH_SET","BOTH_SET","BOTH_UNSET","10","10","","500000000","500000000","","BOTH_SET","BOTH_SET","BOTH_UNSET","2","2","","","","","false","false","","true","true","","false","false","","false","false","","com.facebook.presto.operator.BenchmarkGroupByHash.BenchmarkData","1","false","false","false","false","false","channelCount=com.facebook.presto.operator.BenchmarkGroupByHash.BenchmarkData&groupCount=com.facebook.presto.operator.BenchmarkGroupByHash.BenchmarkData&hashEnabled=com.facebook.presto.operator.BenchmarkGroupByHash.BenchmarkData","channelCount=1&channelCount=5&channelCount=10&channelCount=15&channelCount=20&groupCount=3000000&hashEnabled=true&hashEnabled=false","3","3","java.lang.Object","false","1090e67a1331e62790659c872d359501774a585bf6af35ec6e2cea0dfe8d0dc8"
"prestosql/presto","c20f57d08decf422e518a0d1036f8f2a212606af","1498860000","","","","com.facebook.presto.operator.BenchmarkGroupByHash.addPagePreCompute","10","10","","500000000","500000000","","BOTH_SET","BOTH_SET","BOTH_UNSET","10","10","","500000000","500000000","","BOTH_SET","BOTH_SET","BOTH_UNSET","2","2","","","","","false","false","","true","true","","false","false","","false","false","","com.facebook.presto.operator.BenchmarkGroupByHash.BenchmarkData","1","false","false","false","false","false","channelCount=com.facebook.presto.operator.BenchmarkGroupByHash.BenchmarkData&groupCount=com.facebook.presto.operator.BenchmarkGroupByHash.BenchmarkData&hashEnabled=com.facebook.presto.operator.BenchmarkGroupByHash.BenchmarkData","channelCount=1&channelCount=5&channelCount=10&channelCount=15&channelCount=20&groupCount=3000000&hashEnabled=true&hashEnabled=false","3","3","java.lang.Object","false","026f300e336add8c1e970a4ba72a04aa07e603a16458042f94f46e1513b853ae"
"prestosql/presto","c20f57d08decf422e518a0d1036f8f2a212606af","1498860000","","","","com.facebook.presto.operator.BenchmarkGroupByHash.bigintGroupByHash","10","10","","500000000","500000000","","BOTH_SET","BOTH_SET","BOTH_UNSET","10","10","","500000000","500000000","","BOTH_SET","BOTH_SET","BOTH_UNSET","2","2","","","","","false","false","","true","true","","false","false","","false","false","","com.facebook.presto.operator.BenchmarkGroupByHash.SingleChannelBenchmarkData","1","false","false","false","false","false","channelCount=com.facebook.presto.operator.BenchmarkGroupByHash.SingleChannelBenchmarkData&hashEnabled=com.facebook.presto.operator.BenchmarkGroupByHash.SingleChannelBenchmarkData&groupCount=com.facebook.presto.operator.BenchmarkGroupByHash.SingleChannelBenchmarkData","channelCount=1&hashEnabled=true&hashEnabled=false&groupCount=3000000","3","3","java.lang.Object","false","8d9205ae8e8d5bc54d66c63f118745450935c5ba24df710f5aa2da8d42328182"
"prestosql/presto","c20f57d08decf422e518a0d1036f8f2a212606af","1498860000","","","","com.facebook.presto.operator.BenchmarkGroupByHash.baseline","10","10","","500000000","500000000","","BOTH_SET","BOTH_SET","BOTH_UNSET","10","10","","500000000","500000000","","BOTH_SET","BOTH_SET","BOTH_UNSET","2","2","","","","","false","false","","true","true","","false","false","","false","false","","com.facebook.presto.operator.BenchmarkGroupByHash.BaselinePagesData","1","false","false","false","false","false","channelCount=com.facebook.presto.operator.BenchmarkGroupByHash.BaselinePagesData&hashEnabled=com.facebook.presto.operator.BenchmarkGroupByHash.BaselinePagesData&groupCount=com.facebook.presto.operator.BenchmarkGroupByHash.BaselinePagesData","channelCount=1&hashEnabled=false&groupCount=3000000","3","3","long","false","055f0463c8a2a03b29846af57764ac657660ed31a18116e055c769bdab54432b"
"prestosql/presto","c20f57d08decf422e518a0d1036f8f2a212606af","1498860000","","","","com.facebook.presto.operator.BenchmarkGroupByHash.baselineBigArray","10","10","","500000000","500000000","","BOTH_SET","BOTH_SET","BOTH_UNSET","10","10","","500000000","500000000","","BOTH_SET","BOTH_SET","BOTH_UNSET","2","2","","","","","false","false","","true","true","","false","false","","false","false","","com.facebook.presto.operator.BenchmarkGroupByHash.BaselinePagesData","1","false","false","false","false","false","channelCount=com.facebook.presto.operator.BenchmarkGroupByHash.BaselinePagesData&hashEnabled=com.facebook.presto.operator.BenchmarkGroupByHash.BaselinePagesData&groupCount=com.facebook.presto.operator.BenchmarkGroupByHash.BaselinePagesData","channelCount=1&hashEnabled=false&groupCount=3000000","3","3","long","false","6998c314aaec87cf87972c4aa9f420f20528fcb686adfc1b74f00a3217788da9"
"prestosql/presto","c20f57d08decf422e518a0d1036f8f2a212606af","1498860000","","","","com.facebook.presto.sql.gen.InCodeGeneratorBenchmark.benchmark","10","10","","500000000","500000000","","BOTH_SET","BOTH_SET","BOTH_UNSET","10","10","","500000000","500000000","","BOTH_SET","BOTH_SET","BOTH_UNSET","10","10","","","","","false","false","","true","true","","false","false","","false","false","","","0","false","false","false","false","false","inListCount=com.facebook.presto.sql.gen.InCodeGeneratorBenchmark&type=com.facebook.presto.sql.gen.InCodeGeneratorBenchmark","inListCount=1&inListCount=5&inListCount=10&inListCount=25&inListCount=50&inListCount=75&inListCount=100&inListCount=150&inListCount=200&inListCount=250&inListCount=300&inListCount=350&inListCount=400&inListCount=450&inListCount=500&inListCount=750&inListCount=1000&inListCount=10000&type=bigint&type=double&type=varchar","2","0","java.util.List<com.facebook.presto.spi.Page>","false","77146201cc74c8ae63afbb0e636d11e3e918dccd0392435fb716da46b3411b6d"
"prestosql/presto","c20f57d08decf422e518a0d1036f8f2a212606af","1498860000","","","","com.facebook.presto.sql.gen.PageProcessorBenchmark.rowOriented","10","10","","","","","BOTH_UNSET","BOTH_UNSET","BOTH_UNSET","10","10","","","","","BOTH_UNSET","BOTH_UNSET","BOTH_UNSET","10","10","","","","","false","false","","true","true","","false","false","","false","false","","","0","false","false","false","false","false","columnCount=com.facebook.presto.sql.gen.PageProcessorBenchmark&type=com.facebook.presto.sql.gen.PageProcessorBenchmark&dictionaryBlocks=com.facebook.presto.sql.gen.PageProcessorBenchmark","columnCount=2&columnCount=4&columnCount=8&columnCount=16&columnCount=32&type=varchar&type=bigint&dictionaryBlocks=false&dictionaryBlocks=true","3","0","com.facebook.presto.spi.Page","false","6cfb0f953219af1de3b522a8d9a9fd05233937390bd42a80220217899aef217e"
"prestosql/presto","c20f57d08decf422e518a0d1036f8f2a212606af","1498860000","","","","com.facebook.presto.sql.gen.PageProcessorBenchmark.columnOriented","10","10","","","","","BOTH_UNSET","BOTH_UNSET","BOTH_UNSET","10","10","","","","","BOTH_UNSET","BOTH_UNSET","BOTH_UNSET","10","10","","","","","false","false","","true","true","","false","false","","false","false","","","0","false","false","false","false","false","columnCount=com.facebook.presto.sql.gen.PageProcessorBenchmark&type=com.facebook.presto.sql.gen.PageProcessorBenchmark&dictionaryBlocks=com.facebook.presto.sql.gen.PageProcessorBenchmark","columnCount=2&columnCount=4&columnCount=8&columnCount=16&columnCount=32&type=varchar&type=bigint&dictionaryBlocks=false&dictionaryBlocks=true","3","0","java.util.List<com.facebook.presto.spi.Page>","false","1e3e3fab4048f6544de62b03b21787693f6c3676538b52a0187ccd474626aeb0"
"prestosql/presto","c20f57d08decf422e518a0d1036f8f2a212606af","1498860000","","","","com.facebook.presto.sql.gen.BenchmarkPageProcessor.handCoded","10","10","","500000000","500000000","","BOTH_SET","BOTH_SET","BOTH_UNSET","10","10","","500000000","500000000","","BOTH_SET","BOTH_SET","BOTH_UNSET","5","5","","","","","","","","","","","","","","","","","","0","false","false","false","false","false","","","0","0","com.facebook.presto.spi.Page","false","65408ac8c31b4f8d6cef9cbdb10f2e6014fbe982bdd57ba2f69aafb03cdc99ee"
"prestosql/presto","c20f57d08decf422e518a0d1036f8f2a212606af","1498860000","","","","com.facebook.presto.sql.gen.BenchmarkPageProcessor.compiled","10","10","","500000000","500000000","","BOTH_SET","BOTH_SET","BOTH_UNSET","10","10","","500000000","500000000","","BOTH_SET","BOTH_SET","BOTH_UNSET","5","5","","","","","","","","","","","","","","","","","","0","false","false","false","false","false","","","0","0","java.util.List<com.facebook.presto.spi.Page>","false","0e248311ff8307d75a0f4b3ae7fee90f5251d054e5925c2fecb10aa351c8a5c0"
"prestosql/presto","c20f57d08decf422e518a0d1036f8f2a212606af","1498860000","","","","com.facebook.presto.execution.BenchmarkNodeScheduler.benchmark","10","10","","500000000","500000000","","BOTH_SET","BOTH_SET","BOTH_UNSET","10","10","","500000000","500000000","","BOTH_SET","BOTH_SET","BOTH_UNSET","1","1","","","","","false","false","","true","true","","false","false","","false","false","","com.facebook.presto.execution.BenchmarkNodeScheduler.BenchmarkData","1","false","false","false","false","false","topologyName=com.facebook.presto.execution.BenchmarkNodeScheduler.BenchmarkData","topologyName=LEGACY&topologyName=BENCHMARK&topologyName=FLAT","1","1","java.lang.Object","false","3c170bb6a010cc901037f4c003241381f260d3d88bdd6c61354f635aff9a18ec"
"prestosql/presto","c20f57d08decf422e518a0d1036f8f2a212606af","1498860000","","","","com.facebook.presto.execution.resourceGroups.BenchmarkResourceGroup.benchmark","10","10","","500000000","500000000","","BOTH_SET","BOTH_SET","BOTH_UNSET","10","10","","500000000","500000000","","BOTH_SET","BOTH_SET","BOTH_UNSET","1","1","","","","","false","false","","true","true","","false","false","","false","false","","com.facebook.presto.execution.resourceGroups.BenchmarkResourceGroup.BenchmarkData","1","false","false","false","false","false","children=com.facebook.presto.execution.resourceGroups.BenchmarkResourceGroup.BenchmarkData&queries=com.facebook.presto.execution.resourceGroups.BenchmarkResourceGroup.BenchmarkData","children=1000&children=10000&children=100000&queries=100&queries=1000&queries=10000","2","2","java.lang.Object","false","112f0606f272e14dba1b95f7e7a50adbf46285ea1ea198e479d8dc5183a43d9d"
"prestosql/presto","c20f57d08decf422e518a0d1036f8f2a212606af","1498860000","","","","com.facebook.presto.benchmark.BenchmarkDecimalAggregation.benchmarkBuildHash","10","10","","","","","BOTH_UNSET","BOTH_UNSET","BOTH_UNSET","10","10","","","","","BOTH_UNSET","BOTH_UNSET","BOTH_UNSET","3","3","","","","","false","false","","true","true","","false","false","","false","false","","com.facebook.presto.benchmark.BenchmarkDecimalAggregation.AggregationContext","1","false","false","false","false","false","project=com.facebook.presto.benchmark.BenchmarkDecimalAggregation.AggregationContext&type=com.facebook.presto.benchmark.BenchmarkDecimalAggregation.AggregationContext","project=orderstatus, avg(totalprice)&project=orderstatus, min(totalprice)&project=orderstatus, sum(totalprice), avg(totalprice), min(totalprice), max(totalprice)&type=double&type=decimal(14,2)&type=decimal(30,10)","2","2","java.util.List<com.facebook.presto.spi.Page>","false","acc27131304d05420bc7e56f54bca1ddee304758c1da258ee6c6638b3ead808c"
"prestosql/presto","c20f57d08decf422e518a0d1036f8f2a212606af","1498860000","","","","com.facebook.presto.benchmark.BenchmarkInequalityJoin.benchmarkJoin","10","10","","","","","BOTH_UNSET","BOTH_UNSET","BOTH_UNSET","10","10","","","","","BOTH_UNSET","BOTH_UNSET","BOTH_UNSET","3","3","","","","","false","false","","true","true","","false","false","","false","false","","com.facebook.presto.benchmark.BenchmarkInequalityJoin.Context","1","false","false","false","false","false","fastInequalityJoins=com.facebook.presto.benchmark.BenchmarkInequalityJoin.Context&buckets=com.facebook.presto.benchmark.BenchmarkInequalityJoin.Context&filterOutCoefficient=com.facebook.presto.benchmark.BenchmarkInequalityJoin.Context","fastInequalityJoins=true&fastInequalityJoins=false&buckets=100&buckets=1000&buckets=10000&buckets=60000&filterOutCoefficient=10","3","3","java.util.List<com.facebook.presto.spi.Page>","false","c9cf332b2d5c77f61d5b6992f55fcad3ffec8ff0b05a4b4622d5cb81653e9924"
"prestosql/presto","c20f57d08decf422e518a0d1036f8f2a212606af","1498860000","","","","com.facebook.presto.spi.predicate.BenchmarkSortedRangeSet.benchmarkBuilder","5","5","","","","","BOTH_UNSET","BOTH_UNSET","BOTH_UNSET","10","10","","","","","BOTH_UNSET","BOTH_UNSET","BOTH_UNSET","1","1","","","","","false","false","","true","true","","false","false","","false","false","","com.facebook.presto.spi.predicate.BenchmarkSortedRangeSet.Data","1","false","false","false","false","false","","","0","0","com.facebook.presto.spi.predicate.SortedRangeSet","false","1cf0821ef83efd4d10e405a77cbb25f54c68a68ae704c733b5ec7a783cb8c684"
"prestosql/presto","c20f57d08decf422e518a0d1036f8f2a212606af","1498860000","","","","com.facebook.presto.orc.BenchmarkOrcDecimalReader.readDecimal","20","20","","500000000","500000000","","BOTH_SET","BOTH_SET","BOTH_UNSET","20","20","","500000000","500000000","","BOTH_SET","BOTH_SET","BOTH_UNSET","3","3","","","","","false","false","","true","true","","false","false","","false","false","","com.facebook.presto.orc.BenchmarkOrcDecimalReader.BenchmarkData","1","false","false","false","false","false","","","0","0","java.lang.Object","false","6f8217337353f7a05ed2ddbe5706ef93108539444655a37da5d444cd67131c9d"
"prestosql/presto","c20f57d08decf422e518a0d1036f8f2a212606af","1498860000","","","","com.facebook.presto.orc.stream.BenchmarkLongBitPacker.baselineLength1","5","5","","500000000","500000000","","BOTH_SET","BOTH_SET","BOTH_UNSET","5","5","","500000000","500000000","","BOTH_SET","BOTH_SET","BOTH_UNSET","2","2","","","","","false","false","","true","true","","false","false","","false","false","","com.facebook.presto.orc.stream.BenchmarkLongBitPacker.BenchmarkData","1","false","false","false","false","false","bits=com.facebook.presto.orc.stream.BenchmarkLongBitPacker.BenchmarkData","bits=1&bits=2&bits=4&bits=8&bits=16&bits=24&bits=32&bits=40&bits=48&bits=56&bits=64","1","1","java.lang.Object","false","d619b345018db2815f954128ae315aed930a21b0faa5c011cb8aa7f4b587f3c3"
"prestosql/presto","c20f57d08decf422e518a0d1036f8f2a212606af","1498860000","","","","com.facebook.presto.orc.stream.BenchmarkLongBitPacker.baselineLength2","5","5","","500000000","500000000","","BOTH_SET","BOTH_SET","BOTH_UNSET","5","5","","500000000","500000000","","BOTH_SET","BOTH_SET","BOTH_UNSET","2","2","","","","","false","false","","true","true","","false","false","","false","false","","com.facebook.presto.orc.stream.BenchmarkLongBitPacker.BenchmarkData","1","false","false","false","false","false","bits=com.facebook.presto.orc.stream.BenchmarkLongBitPacker.BenchmarkData","bits=1&bits=2&bits=4&bits=8&bits=16&bits=24&bits=32&bits=40&bits=48&bits=56&bits=64","1","1","java.lang.Object","false","2a5c2831121e5d5057eed7ea9e433573bb753049790f9d94e697a9097c53f522"
"prestosql/presto","c20f57d08decf422e518a0d1036f8f2a212606af","1498860000","","","","com.facebook.presto.orc.stream.BenchmarkLongBitPacker.baselineLength3","5","5","","500000000","500000000","","BOTH_SET","BOTH_SET","BOTH_UNSET","5","5","","500000000","500000000","","BOTH_SET","BOTH_SET","BOTH_UNSET","2","2","","","","","false","false","","true","true","","false","false","","false","false","","com.facebook.presto.orc.stream.BenchmarkLongBitPacker.BenchmarkData","1","false","false","false","false","false","bits=com.facebook.presto.orc.stream.BenchmarkLongBitPacker.BenchmarkData","bits=1&bits=2&bits=4&bits=8&bits=16&bits=24&bits=32&bits=40&bits=48&bits=56&bits=64","1","1","java.lang.Object","false","8138e8eb14c246b14cf1e92ed88e579d57a04044ae9bea8a1981409ddfc93d50"
"prestosql/presto","c20f57d08decf422e518a0d1036f8f2a212606af","1498860000","","","","com.facebook.presto.orc.stream.BenchmarkLongBitPacker.baselineLength4","5","5","","500000000","500000000","","BOTH_SET","BOTH_SET","BOTH_UNSET","5","5","","500000000","500000000","","BOTH_SET","BOTH_SET","BOTH_UNSET","2","2","","","","","false","false","","true","true","","false","false","","false","false","","com.facebook.presto.orc.stream.BenchmarkLongBitPacker.BenchmarkData","1","false","false","false","false","false","bits=com.facebook.presto.orc.stream.BenchmarkLongBitPacker.BenchmarkData","bits=1&bits=2&bits=4&bits=8&bits=16&bits=24&bits=32&bits=40&bits=48&bits=56&bits=64","1","1","java.lang.Object","false","30b64c27f248903df42c761db024d229dfc3bd1f5301bfc8ef387561cf0611a1"
"prestosql/presto","c20f57d08decf422e518a0d1036f8f2a212606af","1498860000","","","","com.facebook.presto.orc.stream.BenchmarkLongBitPacker.baselineLength5","5","5","","500000000","500000000","","BOTH_SET","BOTH_SET","BOTH_UNSET","5","5","","500000000","500000000","","BOTH_SET","BOTH_SET","BOTH_UNSET","2","2","","","","","false","false","","true","true","","false","false","","false","false","","com.facebook.presto.orc.stream.BenchmarkLongBitPacker.BenchmarkData","1","false","false","false","false","false","bits=com.facebook.presto.orc.stream.BenchmarkLongBitPacker.BenchmarkData","bits=1&bits=2&bits=4&bits=8&bits=16&bits=24&bits=32&bits=40&bits=48&bits=56&bits=64","1","1","java.lang.Object","false","9c318822d8a13b13b3b0905e1667943a9286f1debd4325579999aa6641834266"
"prestosql/presto","c20f57d08decf422e518a0d1036f8f2a212606af","1498860000","","","","com.facebook.presto.orc.stream.BenchmarkLongBitPacker.baselineLength6","5","5","","500000000","500000000","","BOTH_SET","BOTH_SET","BOTH_UNSET","5","5","","500000000","500000000","","BOTH_SET","BOTH_SET","BOTH_UNSET","2","2","","","","","false","false","","true","true","","false","false","","false","false","","com.facebook.presto.orc.stream.BenchmarkLongBitPacker.BenchmarkData","1","false","false","false","false","false","bits=com.facebook.presto.orc.stream.BenchmarkLongBitPacker.BenchmarkData","bits=1&bits=2&bits=4&bits=8&bits=16&bits=24&bits=32&bits=40&bits=48&bits=56&bits=64","1","1","java.lang.Object","false","a3254a1a2897ca1d8b7230570e07cae05a0641eb2c626a0b19f7caeb42144aed"
"prestosql/presto","c20f57d08decf422e518a0d1036f8f2a212606af","1498860000","","","","com.facebook.presto.orc.stream.BenchmarkLongBitPacker.baselineLength7","5","5","","500000000","500000000","","BOTH_SET","BOTH_SET","BOTH_UNSET","5","5","","500000000","500000000","","BOTH_SET","BOTH_SET","BOTH_UNSET","2","2","","","","","false","false","","true","true","","false","false","","false","false","","com.facebook.presto.orc.stream.BenchmarkLongBitPacker.BenchmarkData","1","false","false","false","false","false","bits=com.facebook.presto.orc.stream.BenchmarkLongBitPacker.BenchmarkData","bits=1&bits=2&bits=4&bits=8&bits=16&bits=24&bits=32&bits=40&bits=48&bits=56&bits=64","1","1","java.lang.Object","false","e1967ffe3f200de541c90be7bc54f099a4de74f933a5cf89d1ebe43a21b9b6d9"
"prestosql/presto","c20f57d08decf422e518a0d1036f8f2a212606af","1498860000","","","","com.facebook.presto.orc.stream.BenchmarkLongBitPacker.baselineLength256","5","5","","500000000","500000000","","BOTH_SET","BOTH_SET","BOTH_UNSET","5","5","","500000000","500000000","","BOTH_SET","BOTH_SET","BOTH_UNSET","2","2","","","","","false","false","","true","true","","false","false","","false","false","","com.facebook.presto.orc.stream.BenchmarkLongBitPacker.BenchmarkData","1","false","false","false","false","false","bits=com.facebook.presto.orc.stream.BenchmarkLongBitPacker.BenchmarkData","bits=1&bits=2&bits=4&bits=8&bits=16&bits=24&bits=32&bits=40&bits=48&bits=56&bits=64","1","1","java.lang.Object","false","24e617238e02b8bf2a1a6197457ade093287595257d13debbdc782ae4008c304"
"prestosql/presto","c20f57d08decf422e518a0d1036f8f2a212606af","1498860000","","","","com.facebook.presto.orc.stream.BenchmarkLongBitPacker.optimizedLength1","5","5","","500000000","500000000","","BOTH_SET","BOTH_SET","BOTH_UNSET","5","5","","500000000","500000000","","BOTH_SET","BOTH_SET","BOTH_UNSET","2","2","","","","","false","false","","true","true","","false","false","","false","false","","com.facebook.presto.orc.stream.BenchmarkLongBitPacker.BenchmarkData","1","false","false","false","false","false","bits=com.facebook.presto.orc.stream.BenchmarkLongBitPacker.BenchmarkData","bits=1&bits=2&bits=4&bits=8&bits=16&bits=24&bits=32&bits=40&bits=48&bits=56&bits=64","1","1","java.lang.Object","false","1255372d63ed696a8250a8de6e5d74911126daee28e8f6f570fd3bdce03137a7"
"prestosql/presto","c20f57d08decf422e518a0d1036f8f2a212606af","1498860000","","","","com.facebook.presto.orc.stream.BenchmarkLongBitPacker.optimizedLength2","5","5","","500000000","500000000","","BOTH_SET","BOTH_SET","BOTH_UNSET","5","5","","500000000","500000000","","BOTH_SET","BOTH_SET","BOTH_UNSET","2","2","","","","","false","false","","true","true","","false","false","","false","false","","com.facebook.presto.orc.stream.BenchmarkLongBitPacker.BenchmarkData","1","false","false","false","false","false","bits=com.facebook.presto.orc.stream.BenchmarkLongBitPacker.BenchmarkData","bits=1&bits=2&bits=4&bits=8&bits=16&bits=24&bits=32&bits=40&bits=48&bits=56&bits=64","1","1","java.lang.Object","false","412db247ac283589d893fd097ca17b6c2ef5dd9f383f0ede48ef1a23e0fcd676"
"prestosql/presto","c20f57d08decf422e518a0d1036f8f2a212606af","1498860000","","","","com.facebook.presto.orc.stream.BenchmarkLongBitPacker.optimizedLength3","5","5","","500000000","500000000","","BOTH_SET","BOTH_SET","BOTH_UNSET","5","5","","500000000","500000000","","BOTH_SET","BOTH_SET","BOTH_UNSET","2","2","","","","","false","false","","true","true","","false","false","","false","false","","com.facebook.presto.orc.stream.BenchmarkLongBitPacker.BenchmarkData","1","false","false","false","false","false","bits=com.facebook.presto.orc.stream.BenchmarkLongBitPacker.BenchmarkData","bits=1&bits=2&bits=4&bits=8&bits=16&bits=24&bits=32&bits=40&bits=48&bits=56&bits=64","1","1","java.lang.Object","false","bec957c8e861dec451452ef71be262f934c0adb78fbc34db3061977cfd6c93c7"
"prestosql/presto","c20f57d08decf422e518a0d1036f8f2a212606af","1498860000","","","","com.facebook.presto.orc.stream.BenchmarkLongBitPacker.optimizedLength4","5","5","","500000000","500000000","","BOTH_SET","BOTH_SET","BOTH_UNSET","5","5","","500000000","500000000","","BOTH_SET","BOTH_SET","BOTH_UNSET","2","2","","","","","false","false","","true","true","","false","false","","false","false","","com.facebook.presto.orc.stream.BenchmarkLongBitPacker.BenchmarkData","1","false","false","false","false","false","bits=com.facebook.presto.orc.stream.BenchmarkLongBitPacker.BenchmarkData","bits=1&bits=2&bits=4&bits=8&bits=16&bits=24&bits=32&bits=40&bits=48&bits=56&bits=64","1","1","java.lang.Object","false","f80ed984cf4d5b599f8dce17e695e01eb740f3c81151cc4891c610351ad49320"
"prestosql/presto","c20f57d08decf422e518a0d1036f8f2a212606af","1498860000","","","","com.facebook.presto.orc.stream.BenchmarkLongBitPacker.optimizedLength5","5","5","","500000000","500000000","","BOTH_SET","BOTH_SET","BOTH_UNSET","5","5","","500000000","500000000","","BOTH_SET","BOTH_SET","BOTH_UNSET","2","2","","","","","false","false","","true","true","","false","false","","false","false","","com.facebook.presto.orc.stream.BenchmarkLongBitPacker.BenchmarkData","1","false","false","false","false","false","bits=com.facebook.presto.orc.stream.BenchmarkLongBitPacker.BenchmarkData","bits=1&bits=2&bits=4&bits=8&bits=16&bits=24&bits=32&bits=40&bits=48&bits=56&bits=64","1","1","java.lang.Object","false","367ffac0132b6b58c202fbd8825a0a9b4851e3e759398bc0f813f971c06d9774"
"prestosql/presto","c20f57d08decf422e518a0d1036f8f2a212606af","1498860000","","","","com.facebook.presto.orc.stream.BenchmarkLongBitPacker.optimizedLength6","5","5","","500000000","500000000","","BOTH_SET","BOTH_SET","BOTH_UNSET","5","5","","500000000","500000000","","BOTH_SET","BOTH_SET","BOTH_UNSET","2","2","","","","","false","false","","true","true","","false","false","","false","false","","com.facebook.presto.orc.stream.BenchmarkLongBitPacker.BenchmarkData","1","false","false","false","false","false","bits=com.facebook.presto.orc.stream.BenchmarkLongBitPacker.BenchmarkData","bits=1&bits=2&bits=4&bits=8&bits=16&bits=24&bits=32&bits=40&bits=48&bits=56&bits=64","1","1","java.lang.Object","false","a183a464ab357a8fdb5cbfdf9a1f7d37389ac5d164020c1637be2291b073422a"
"prestosql/presto","c20f57d08decf422e518a0d1036f8f2a212606af","1498860000","","","","com.facebook.presto.orc.stream.BenchmarkLongBitPacker.optimizedLength7","5","5","","500000000","500000000","","BOTH_SET","BOTH_SET","BOTH_UNSET","5","5","","500000000","500000000","","BOTH_SET","BOTH_SET","BOTH_UNSET","2","2","","","","","false","false","","true","true","","false","false","","false","false","","com.facebook.presto.orc.stream.BenchmarkLongBitPacker.BenchmarkData","1","false","false","false","false","false","bits=com.facebook.presto.orc.stream.BenchmarkLongBitPacker.BenchmarkData","bits=1&bits=2&bits=4&bits=8&bits=16&bits=24&bits=32&bits=40&bits=48&bits=56&bits=64","1","1","java.lang.Object","false","cf4f28912edf3f45c8a9a3da458f8bc7c6f2191116d2f8da7701b0d904219609"
"prestosql/presto","c20f57d08decf422e518a0d1036f8f2a212606af","1498860000","","","","com.facebook.presto.orc.stream.BenchmarkLongBitPacker.optimizedLength256","5","5","","500000000","500000000","","BOTH_SET","BOTH_SET","BOTH_UNSET","5","5","","500000000","500000000","","BOTH_SET","BOTH_SET","BOTH_UNSET","2","2","","","","","false","false","","true","true","","false","false","","false","false","","com.facebook.presto.orc.stream.BenchmarkLongBitPacker.BenchmarkData","1","false","false","false","false","false","bits=com.facebook.presto.orc.stream.BenchmarkLongBitPacker.BenchmarkData","bits=1&bits=2&bits=4&bits=8&bits=16&bits=24&bits=32&bits=40&bits=48&bits=56&bits=64","1","1","java.lang.Object","false","0f2d30f20201c55035abf94cc28d194a8826332e7ee19f3361fca2d7459c09bf"
