"SquidPony/SquidLib","f3da8bb6a661d0f96322ca03339de3406ad12671","1517439600","1.18","1.7","1.7","squidpony.performance.HashBenchmark.measureFNV","","","","","","","BOTH_UNSET","BOTH_UNSET","BOTH_UNSET","","","","","","","BOTH_UNSET","BOTH_UNSET","BOTH_UNSET","","","","","","","false","","false","true","","true","false","","false","false","","false","","0","false","false","false","false","false","","","0","0","","false","a57660566477dd59f34cdb1d980ea5f5e791bd300bc07087c00f760928690994"
"SquidPony/SquidLib","f3da8bb6a661d0f96322ca03339de3406ad12671","1517439600","1.18","1.7","1.7","squidpony.performance.HashBenchmark.measureFNVInt","","","","","","","BOTH_UNSET","BOTH_UNSET","BOTH_UNSET","","","","","","","BOTH_UNSET","BOTH_UNSET","BOTH_UNSET","","","","","","","false","","false","true","","true","false","","false","false","","false","","0","false","false","false","false","false","","","0","0","","false","8297466c9c6f2bf2e1502b0d2e7be89b95ec41c4bc5b74d8e2ccb5883f766c34"
"SquidPony/SquidLib","f3da8bb6a661d0f96322ca03339de3406ad12671","1517439600","1.18","1.7","1.7","squidpony.performance.HashBenchmark.measureLightning","","","","","","","BOTH_UNSET","BOTH_UNSET","BOTH_UNSET","","","","","","","BOTH_UNSET","BOTH_UNSET","BOTH_UNSET","","","","","","","false","","false","true","","true","false","","false","false","","false","","0","false","false","false","false","false","","","0","0","","false","72e95a09f67c19c38519df5f8f689d79a709f6e3db828c5fa097e0348f7c69b2"
"SquidPony/SquidLib","f3da8bb6a661d0f96322ca03339de3406ad12671","1517439600","1.18","1.7","1.7","squidpony.performance.HashBenchmark.measureLightningInt","","","","","","","BOTH_UNSET","BOTH_UNSET","BOTH_UNSET","","","","","","","BOTH_UNSET","BOTH_UNSET","BOTH_UNSET","","","","","","","false","","false","true","","true","false","","false","false","","false","","0","false","false","false","false","false","","","0","0","","false","ab7d14235ff4f7ed8f0441022aa448df329673394598b24eead9edd09e12f6ba"
"SquidPony/SquidLib","f3da8bb6a661d0f96322ca03339de3406ad12671","1517439600","1.18","1.7","1.7","squidpony.performance.HashBenchmark.measureJVMInt","","","","","","","BOTH_UNSET","BOTH_UNSET","BOTH_UNSET","","","","","","","BOTH_UNSET","BOTH_UNSET","BOTH_UNSET","","","","","","","false","","false","true","","true","false","","false","false","","false","","0","false","false","false","false","false","","","0","0","","false","241ea71bdc19d9e407570362519b0e8fe88b3d59f6daa2432e1890556cd9a598"
"SquidPony/SquidLib","f3da8bb6a661d0f96322ca03339de3406ad12671","1517439600","1.18","1.7","1.7","squidpony.performance.HashBenchmark.measureStorm","","","","","","","BOTH_UNSET","BOTH_UNSET","BOTH_UNSET","","","","","","","BOTH_UNSET","BOTH_UNSET","BOTH_UNSET","","","","","","","false","","false","true","","true","false","","false","false","","false","","0","false","false","false","false","false","","","0","0","","false","900a79cd14c109f2476577c8ad3a04b1266bcc61e38af87cc8e85f7d91adb00b"
"SquidPony/SquidLib","f3da8bb6a661d0f96322ca03339de3406ad12671","1517439600","1.18","1.7","1.7","squidpony.performance.HashBenchmark.measureStormInt","","","","","","","BOTH_UNSET","BOTH_UNSET","BOTH_UNSET","","","","","","","BOTH_UNSET","BOTH_UNSET","BOTH_UNSET","","","","","","","false","","false","true","","true","false","","false","false","","false","","0","false","false","false","false","false","","","0","0","","false","eff678ce3e61a605fb12bf8eafda26260cc084a08ce38f803b527c269cb1238c"
"SquidPony/SquidLib","f3da8bb6a661d0f96322ca03339de3406ad12671","1517439600","1.18","1.7","1.7","squidpony.performance.HashBenchmark.measureSketch","","","","","","","BOTH_UNSET","BOTH_UNSET","BOTH_UNSET","","","","","","","BOTH_UNSET","BOTH_UNSET","BOTH_UNSET","","","","","","","false","","false","true","","true","false","","false","false","","false","","0","false","false","false","false","false","","","0","0","","false","7afff56358a710d90ddb48871166557d82cd20d69b3e1f891fc25a895a08b3d3"
"SquidPony/SquidLib","f3da8bb6a661d0f96322ca03339de3406ad12671","1517439600","1.18","1.7","1.7","squidpony.performance.HashBenchmark.measureSketchInt","","","","","","","BOTH_UNSET","BOTH_UNSET","BOTH_UNSET","","","","","","","BOTH_UNSET","BOTH_UNSET","BOTH_UNSET","","","","","","","false","","false","true","","true","false","","false","false","","false","","0","false","false","false","false","false","","","0","0","","false","361d7e1e42a8acc5e2d6c438630acc0ee4602ecd57b9d10f2367029b49262368"
"SquidPony/SquidLib","f3da8bb6a661d0f96322ca03339de3406ad12671","1517439600","1.18","1.7","1.7","squidpony.performance.HashBenchmark.measureFalcon","","","","","","","BOTH_UNSET","BOTH_UNSET","BOTH_UNSET","","","","","","","BOTH_UNSET","BOTH_UNSET","BOTH_UNSET","","","","","","","false","","false","true","","true","false","","false","false","","false","","0","false","false","false","false","false","","","0","0","","false","33a3b259c75ebc676bb3cc60adce93d3ec88373c19002aea36c2cbdfcac2a0f9"
"SquidPony/SquidLib","f3da8bb6a661d0f96322ca03339de3406ad12671","1517439600","1.18","1.7","1.7","squidpony.performance.HashBenchmark.measureFalconInt","","","","","","","BOTH_UNSET","BOTH_UNSET","BOTH_UNSET","","","","","","","BOTH_UNSET","BOTH_UNSET","BOTH_UNSET","","","","","","","false","","false","true","","true","false","","false","false","","false","","0","false","false","false","false","false","","","0","0","","false","2de44854e1fb2e4ca3149b619063b17f0ce76bbd48977a67e29e848f9ef419d6"
"SquidPony/SquidLib","f3da8bb6a661d0f96322ca03339de3406ad12671","1517439600","1.18","1.7","1.7","squidpony.performance.HashBenchmark.measureWisp","","","","","","","BOTH_UNSET","BOTH_UNSET","BOTH_UNSET","","","","","","","BOTH_UNSET","BOTH_UNSET","BOTH_UNSET","","","","","","","false","","false","true","","true","false","","false","false","","false","","0","false","false","false","false","false","","","0","0","","false","4995a4f7542b65aa0172063fa5a4f43c3c81add1cf4104786afb135cf83157fe"
"SquidPony/SquidLib","f3da8bb6a661d0f96322ca03339de3406ad12671","1517439600","1.18","1.7","1.7","squidpony.performance.HashBenchmark.measureWispInt","","","","","","","BOTH_UNSET","BOTH_UNSET","BOTH_UNSET","","","","","","","BOTH_UNSET","BOTH_UNSET","BOTH_UNSET","","","","","","","false","","false","true","","true","false","","false","false","","false","","0","false","false","false","false","false","","","0","0","","false","fd1480ebd0f84c0523190e9ddc20f4f8c17d52f32cd5f1e7c4283057000840ee"
"SquidPony/SquidLib","f3da8bb6a661d0f96322ca03339de3406ad12671","1517439600","1.18","1.7","1.7","squidpony.performance.HashBenchmark.measureMist","","","","","","","BOTH_UNSET","BOTH_UNSET","BOTH_UNSET","","","","","","","BOTH_UNSET","BOTH_UNSET","BOTH_UNSET","","","","","","","false","","false","true","","true","false","","false","false","","false","","0","false","false","false","false","false","","","0","0","","false","9c1e88a9f9b3f8aa7ad88e0a734d7c109f1a23e07ae95b5276df3ed932fb072b"
"SquidPony/SquidLib","f3da8bb6a661d0f96322ca03339de3406ad12671","1517439600","1.18","1.7","1.7","squidpony.performance.HashBenchmark.measureMistInt","","","","","","","BOTH_UNSET","BOTH_UNSET","BOTH_UNSET","","","","","","","BOTH_UNSET","BOTH_UNSET","BOTH_UNSET","","","","","","","false","","false","true","","true","false","","false","false","","false","","0","false","false","false","false","false","","","0","0","","false","ca90408d16412ef25a10ff8854d366bd0f18577e0d4bc1bc5bef8069ec8f16d3"
"SquidPony/SquidLib","f3da8bb6a661d0f96322ca03339de3406ad12671","1517439600","1.18","1.7","1.7","squidpony.performance.HashBenchmark.measureControl","","","","","","","BOTH_UNSET","BOTH_UNSET","BOTH_UNSET","","","","","","","BOTH_UNSET","BOTH_UNSET","BOTH_UNSET","","","","","","","false","","false","true","","true","false","","false","false","","false","","0","false","false","false","false","false","","","0","0","","false","836377a83c84f81c1e28e61e96300876f9755395d522ad9832fa1658e322e13f"
"SquidPony/SquidLib","f3da8bb6a661d0f96322ca03339de3406ad12671","1517439600","1.18","1.7","1.7","squidpony.performance.HashBenchmark.measureControlDouble","","","","","","","BOTH_UNSET","BOTH_UNSET","BOTH_UNSET","","","","","","","BOTH_UNSET","BOTH_UNSET","BOTH_UNSET","","","","","","","false","","false","true","","true","false","","false","false","","false","","0","false","false","false","false","false","","","0","0","","false","262167075a3661e3e9dd1bf0b68b510298985b276accc0dd50477ccbe5f524b5"
"SquidPony/SquidLib","f3da8bb6a661d0f96322ca03339de3406ad12671","1517439600","1.18","1.7","1.7","squidpony.performance.NoiseBenchmark.measurePerlin2D","","","","","","","BOTH_UNSET","BOTH_UNSET","BOTH_UNSET","","","","","","","BOTH_UNSET","BOTH_UNSET","BOTH_UNSET","","","","","","","false","","false","true","","true","false","","false","false","","false","","0","false","false","false","false","false","","","0","0","","false","da7712fe9db659bb8d939562f3f18bb696868a52d58d0932e4a6ab7e4327c0bb"
"SquidPony/SquidLib","f3da8bb6a661d0f96322ca03339de3406ad12671","1517439600","1.18","1.7","1.7","squidpony.performance.NoiseBenchmark.measurePerlin3D","","","","","","","BOTH_UNSET","BOTH_UNSET","BOTH_UNSET","","","","","","","BOTH_UNSET","BOTH_UNSET","BOTH_UNSET","","","","","","","false","","false","true","","true","false","","false","false","","false","","0","false","false","false","false","false","","","0","0","","false","308cd02b3998e0101412f279a34e328d5c7fc21d4b0d705b5b0a3315b75239b0"
"SquidPony/SquidLib","f3da8bb6a661d0f96322ca03339de3406ad12671","1517439600","1.18","1.7","1.7","squidpony.performance.NoiseBenchmark.measurePerlin4D","","","","","","","BOTH_UNSET","BOTH_UNSET","BOTH_UNSET","","","","","","","BOTH_UNSET","BOTH_UNSET","BOTH_UNSET","","","","","","","false","","false","true","","true","false","","false","false","","false","","0","false","false","false","false","false","","","0","0","","false","9023e8d843d1801bcc76d89b1f902b99fdd093d9d488238c079bff361cc4f978"
"SquidPony/SquidLib","f3da8bb6a661d0f96322ca03339de3406ad12671","1517439600","1.18","1.7","1.7","squidpony.performance.NoiseBenchmark.measureMerlin2D","","","","","","","BOTH_UNSET","BOTH_UNSET","BOTH_UNSET","","","","","","","BOTH_UNSET","BOTH_UNSET","BOTH_UNSET","","","","","","","false","","false","true","","true","false","","false","false","","false","","0","false","false","false","false","false","","","0","0","","false","64382f5c630237aa9ca2b8e3debd3bbb285542b31914146cca943950348592b3"
"SquidPony/SquidLib","f3da8bb6a661d0f96322ca03339de3406ad12671","1517439600","1.18","1.7","1.7","squidpony.performance.NoiseBenchmark.measureMerlin3D","","","","","","","BOTH_UNSET","BOTH_UNSET","BOTH_UNSET","","","","","","","BOTH_UNSET","BOTH_UNSET","BOTH_UNSET","","","","","","","false","","false","true","","true","false","","false","false","","false","","0","false","false","false","false","false","","","0","0","","false","125e38f87c2f1c481eac78e5a72921d2f543ce9b23a95ff3083574ff6f78a141"
"SquidPony/SquidLib","f3da8bb6a661d0f96322ca03339de3406ad12671","1517439600","1.18","1.7","1.7","squidpony.performance.NoiseBenchmark.measureWhirling2D","","","","","","","BOTH_UNSET","BOTH_UNSET","BOTH_UNSET","","","","","","","BOTH_UNSET","BOTH_UNSET","BOTH_UNSET","","","","","","","false","","false","true","","true","false","","false","false","","false","","0","false","false","false","false","false","","","0","0","","false","456667a672c82a606ecd8508b458f782a2c6bc1363e1b0385eb46021d7d05785"
"SquidPony/SquidLib","f3da8bb6a661d0f96322ca03339de3406ad12671","1517439600","1.18","1.7","1.7","squidpony.performance.NoiseBenchmark.measureWhirling3D","","","","","","","BOTH_UNSET","BOTH_UNSET","BOTH_UNSET","","","","","","","BOTH_UNSET","BOTH_UNSET","BOTH_UNSET","","","","","","","false","","false","true","","true","false","","false","false","","false","","0","false","false","false","false","false","","","0","0","","false","063b7b540f992567bffb24f06ef1d0a44b88fc6f88ddea24f1c0af113049932b"
"SquidPony/SquidLib","f3da8bb6a661d0f96322ca03339de3406ad12671","1517439600","1.18","1.7","1.7","squidpony.performance.NoiseBenchmark.measureWhirling4D","","","","","","","BOTH_UNSET","BOTH_UNSET","BOTH_UNSET","","","","","","","BOTH_UNSET","BOTH_UNSET","BOTH_UNSET","","","","","","","false","","false","true","","true","false","","false","false","","false","","0","false","false","false","false","false","","","0","0","","false","03cbd496661e6556fa59338d2dde68da3676c68ef2f06a8c122f885b304d0af7"
"SquidPony/SquidLib","f3da8bb6a661d0f96322ca03339de3406ad12671","1517439600","1.18","1.7","1.7","squidpony.performance.NoiseBenchmark.measureWhirlingAlt2D","","","","","","","BOTH_UNSET","BOTH_UNSET","BOTH_UNSET","","","","","","","BOTH_UNSET","BOTH_UNSET","BOTH_UNSET","","","","","","","false","","false","true","","true","false","","false","false","","false","","0","false","false","false","false","false","","","0","0","","false","ebb68ef7cf7e1041e0f366db1e1d7fd9171d639c9730650fb9b40e637d9d9708"
"SquidPony/SquidLib","f3da8bb6a661d0f96322ca03339de3406ad12671","1517439600","1.18","1.7","1.7","squidpony.performance.NoiseBenchmark.measureWhirlingAlt3D","","","","","","","BOTH_UNSET","BOTH_UNSET","BOTH_UNSET","","","","","","","BOTH_UNSET","BOTH_UNSET","BOTH_UNSET","","","","","","","false","","false","true","","true","false","","false","false","","false","","0","false","false","false","false","false","","","0","0","","false","aab71c467e17c07a3cba43208d26cb9176897d62b3b0ff7cd82377ff64710dcc"
"SquidPony/SquidLib","f3da8bb6a661d0f96322ca03339de3406ad12671","1517439600","1.18","1.7","1.7","squidpony.performance.NoiseBenchmark.measureSeeded2D","","","","","","","BOTH_UNSET","BOTH_UNSET","BOTH_UNSET","","","","","","","BOTH_UNSET","BOTH_UNSET","BOTH_UNSET","","","","","","","false","","false","true","","true","false","","false","false","","false","","0","false","false","false","false","false","","","0","0","","false","dab874d3297ad4046e088f77fd81e16a44abb53d73db773acf83fcdd86dd5bba"
"SquidPony/SquidLib","f3da8bb6a661d0f96322ca03339de3406ad12671","1517439600","1.18","1.7","1.7","squidpony.performance.NoiseBenchmark.measureSeeded3D","","","","","","","BOTH_UNSET","BOTH_UNSET","BOTH_UNSET","","","","","","","BOTH_UNSET","BOTH_UNSET","BOTH_UNSET","","","","","","","false","","false","true","","true","false","","false","false","","false","","0","false","false","false","false","false","","","0","0","","false","c3fc5b49393c23fdd170dcd241657af590ef02a9272c7377ddb47d2731b6b1e8"
"SquidPony/SquidLib","f3da8bb6a661d0f96322ca03339de3406ad12671","1517439600","1.18","1.7","1.7","squidpony.performance.NoiseBenchmark.measureSeeded4D","","","","","","","BOTH_UNSET","BOTH_UNSET","BOTH_UNSET","","","","","","","BOTH_UNSET","BOTH_UNSET","BOTH_UNSET","","","","","","","false","","false","true","","true","false","","false","false","","false","","0","false","false","false","false","false","","","0","0","","false","76adde0e21145d0188fe3ed560feef3cfc8d139d9c362797d241d7d38410b244"
"SquidPony/SquidLib","f3da8bb6a661d0f96322ca03339de3406ad12671","1517439600","1.18","1.7","1.7","squidpony.performance.NoiseBenchmark.measureSeeded6D","","","","","","","BOTH_UNSET","BOTH_UNSET","BOTH_UNSET","","","","","","","BOTH_UNSET","BOTH_UNSET","BOTH_UNSET","","","","","","","false","","false","true","","true","false","","false","false","","false","","0","false","false","false","false","false","","","0","0","","false","1f3968fb6b16c704d7900f321048b9bcdb96f3d75ac9089f1b9c25be6dc9471b"
"SquidPony/SquidLib","f3da8bb6a661d0f96322ca03339de3406ad12671","1517439600","1.18","1.7","1.7","squidpony.performance.RNGBenchmark.measureThunder","5","","5","","","","BOTH_UNSET","BOTH_UNSET","BOTH_UNSET","5","","5","","","","BOTH_UNSET","BOTH_UNSET","BOTH_UNSET","1","","1","","","","false","","false","true","","true","false","","false","false","","false","","0","false","false","false","false","false","","","0","0","","false","e6e240f0c36178c184259cd3cf027f6503051996d3364d42845c366a8b16c258"
"SquidPony/SquidLib","f3da8bb6a661d0f96322ca03339de3406ad12671","1517439600","1.18","1.7","1.7","squidpony.performance.RNGBenchmark.measureThunderInt","5","","5","","","","BOTH_UNSET","BOTH_UNSET","BOTH_UNSET","5","","5","","","","BOTH_UNSET","BOTH_UNSET","BOTH_UNSET","1","","1","","","","false","","false","true","","true","false","","false","false","","false","","0","false","false","false","false","false","","","0","0","","false","0f7652eed5265bb2908091a8abbdc45070c6f27dc9db6bbe3e9628e3a5543408"
"SquidPony/SquidLib","f3da8bb6a661d0f96322ca03339de3406ad12671","1517439600","1.18","1.7","1.7","squidpony.performance.RNGBenchmark.measureThunderR","5","","5","","","","BOTH_UNSET","BOTH_UNSET","BOTH_UNSET","5","","5","","","","BOTH_UNSET","BOTH_UNSET","BOTH_UNSET","1","","1","","","","false","","false","true","","true","false","","false","false","","false","","0","false","false","false","false","false","","","0","0","","false","70500b6e1b9a697699a0373a78cdb382dcea454a3e830dc26c20304c2c0d4c42"
"SquidPony/SquidLib","f3da8bb6a661d0f96322ca03339de3406ad12671","1517439600","1.18","1.7","1.7","squidpony.performance.RNGBenchmark.measureThunderIntR","5","","5","","","","BOTH_UNSET","BOTH_UNSET","BOTH_UNSET","5","","5","","","","BOTH_UNSET","BOTH_UNSET","BOTH_UNSET","1","","1","","","","false","","false","true","","true","false","","false","false","","false","","0","false","false","false","false","false","","","0","0","","false","ae7e1c7fbe6799805f12c4246119d29f59eb807f8881198df5b82c934be8d20d"
"SquidPony/SquidLib","f3da8bb6a661d0f96322ca03339de3406ad12671","1517439600","1.18","1.7","1.7","squidpony.performance.RNGBenchmark.measureXoRo","5","","5","","","","BOTH_UNSET","BOTH_UNSET","BOTH_UNSET","5","","5","","","","BOTH_UNSET","BOTH_UNSET","BOTH_UNSET","1","","1","","","","false","","false","true","","true","false","","false","false","","false","","0","false","false","false","false","false","","","0","0","","false","197d4640b16402fb283aa52a89f974ebb06eafce695eb80faff94ae65f00e586"
"SquidPony/SquidLib","f3da8bb6a661d0f96322ca03339de3406ad12671","1517439600","1.18","1.7","1.7","squidpony.performance.RNGBenchmark.measureXoRoInt","5","","5","","","","BOTH_UNSET","BOTH_UNSET","BOTH_UNSET","5","","5","","","","BOTH_UNSET","BOTH_UNSET","BOTH_UNSET","1","","1","","","","false","","false","true","","true","false","","false","false","","false","","0","false","false","false","false","false","","","0","0","","false","002ce0a76d17ff631fc3435d17eb04c65211c18cedc895a0dbc82b5b27a89dec"
"SquidPony/SquidLib","f3da8bb6a661d0f96322ca03339de3406ad12671","1517439600","1.18","1.7","1.7","squidpony.performance.RNGBenchmark.measureXoRoR","5","","5","","","","BOTH_UNSET","BOTH_UNSET","BOTH_UNSET","5","","5","","","","BOTH_UNSET","BOTH_UNSET","BOTH_UNSET","1","","1","","","","false","","false","true","","true","false","","false","false","","false","","0","false","false","false","false","false","","","0","0","","false","5f9633b1ee2f91dba627cbdfc3c60b63d038d9ebc6475ac4cb5c319236998e4c"
"SquidPony/SquidLib","f3da8bb6a661d0f96322ca03339de3406ad12671","1517439600","1.18","1.7","1.7","squidpony.performance.RNGBenchmark.measureXoRoIntR","5","","5","","","","BOTH_UNSET","BOTH_UNSET","BOTH_UNSET","5","","5","","","","BOTH_UNSET","BOTH_UNSET","BOTH_UNSET","1","","1","","","","false","","false","true","","true","false","","false","false","","false","","0","false","false","false","false","false","","","0","0","","false","60943fd27621ccc31c5542d3ce772d88e43847f9519148cebc83754cf92241ab"
"SquidPony/SquidLib","f3da8bb6a661d0f96322ca03339de3406ad12671","1517439600","1.18","1.7","1.7","squidpony.performance.RNGBenchmark.measureLight","5","","5","","","","BOTH_UNSET","BOTH_UNSET","BOTH_UNSET","5","","5","","","","BOTH_UNSET","BOTH_UNSET","BOTH_UNSET","1","","1","","","","false","","false","true","","true","false","","false","false","","false","","0","false","false","false","false","false","","","0","0","","false","1744439a926ee0d9a06dfcdbcabd8cee430e56ecef7038736e287bbb5772decc"
"SquidPony/SquidLib","f3da8bb6a661d0f96322ca03339de3406ad12671","1517439600","1.18","1.7","1.7","squidpony.performance.RNGBenchmark.measureLightInt","5","","5","","","","BOTH_UNSET","BOTH_UNSET","BOTH_UNSET","5","","5","","","","BOTH_UNSET","BOTH_UNSET","BOTH_UNSET","1","","1","","","","false","","false","true","","true","false","","false","false","","false","","0","false","false","false","false","false","","","0","0","","false","89173eb9d2bd81fdeec5a9042000929d8aa29ab2617ab1465c061c3b06915e41"
"SquidPony/SquidLib","f3da8bb6a661d0f96322ca03339de3406ad12671","1517439600","1.18","1.7","1.7","squidpony.performance.RNGBenchmark.measureLightR","5","","5","","","","BOTH_UNSET","BOTH_UNSET","BOTH_UNSET","5","","5","","","","BOTH_UNSET","BOTH_UNSET","BOTH_UNSET","1","","1","","","","false","","false","true","","true","false","","false","false","","false","","0","false","false","false","false","false","","","0","0","","false","8501628da29ba859431fca9fafadf3e60b42fc76bd64fe9800eacdaeb93a560c"
"SquidPony/SquidLib","f3da8bb6a661d0f96322ca03339de3406ad12671","1517439600","1.18","1.7","1.7","squidpony.performance.RNGBenchmark.measureLightIntR","5","","5","","","","BOTH_UNSET","BOTH_UNSET","BOTH_UNSET","5","","5","","","","BOTH_UNSET","BOTH_UNSET","BOTH_UNSET","1","","1","","","","false","","false","true","","true","false","","false","false","","false","","0","false","false","false","false","false","","","0","0","","false","fad48e490c05de1d61700f1edcc88b6b0e10fd10b022344153f5fc7d98c8f298"
"SquidPony/SquidLib","f3da8bb6a661d0f96322ca03339de3406ad12671","1517439600","1.18","1.7","1.7","squidpony.performance.RNGBenchmark.a__measureThrust","5","","5","","","","BOTH_UNSET","BOTH_UNSET","BOTH_UNSET","5","","5","","","","BOTH_UNSET","BOTH_UNSET","BOTH_UNSET","1","","1","","","","false","","false","true","","true","false","","false","false","","false","","0","false","false","false","false","false","","","0","0","","false","8616239176ba045d7cd327d2b354d5506aacc478f8efeefd4a6280b38b553dc1"
"SquidPony/SquidLib","f3da8bb6a661d0f96322ca03339de3406ad12671","1517439600","1.18","1.7","1.7","squidpony.performance.RNGBenchmark.a__measureThrustInt","5","","5","","","","BOTH_UNSET","BOTH_UNSET","BOTH_UNSET","5","","5","","","","BOTH_UNSET","BOTH_UNSET","BOTH_UNSET","1","","1","","","","false","","false","true","","true","false","","false","false","","false","","0","false","false","false","false","false","","","0","0","","false","b777d5e12009e2380e0b59a9eef5fc40eecda7191de40a76ccc18c603efaf565"
"SquidPony/SquidLib","f3da8bb6a661d0f96322ca03339de3406ad12671","1517439600","1.18","1.7","1.7","squidpony.performance.RNGBenchmark.a__measureThrustR","5","","5","","","","BOTH_UNSET","BOTH_UNSET","BOTH_UNSET","5","","5","","","","BOTH_UNSET","BOTH_UNSET","BOTH_UNSET","1","","1","","","","false","","false","true","","true","false","","false","false","","false","","0","false","false","false","false","false","","","0","0","","false","bb573128e926a26280a07925287e78c26a9fe7ca90efbd4c79a1b5d7fe659a6c"
"SquidPony/SquidLib","f3da8bb6a661d0f96322ca03339de3406ad12671","1517439600","1.18","1.7","1.7","squidpony.performance.RNGBenchmark.a__measureThrustIntR","5","","5","","","","BOTH_UNSET","BOTH_UNSET","BOTH_UNSET","5","","5","","","","BOTH_UNSET","BOTH_UNSET","BOTH_UNSET","1","","1","","","","false","","false","true","","true","false","","false","false","","false","","0","false","false","false","false","false","","","0","0","","false","f971461b2cfbbf8e7bc4defa413f37a1be93b3ac17dfb10efde037e72c30836b"
"SquidPony/SquidLib","f3da8bb6a661d0f96322ca03339de3406ad12671","1517439600","1.18","1.7","1.7","squidpony.performance.RNGBenchmark.measureGDX","5","","5","","","","BOTH_UNSET","BOTH_UNSET","BOTH_UNSET","5","","5","","","","BOTH_UNSET","BOTH_UNSET","BOTH_UNSET","1","","1","","","","false","","false","true","","true","false","","false","false","","false","","0","false","false","false","false","false","","","0","0","","false","f75c4d29d1a82fa58d876343292b62be53b75096fcfef865f357fcd07657ad78"
"SquidPony/SquidLib","f3da8bb6a661d0f96322ca03339de3406ad12671","1517439600","1.18","1.7","1.7","squidpony.performance.RNGBenchmark.measureGDXInt","5","","5","","","","BOTH_UNSET","BOTH_UNSET","BOTH_UNSET","5","","5","","","","BOTH_UNSET","BOTH_UNSET","BOTH_UNSET","1","","1","","","","false","","false","true","","true","false","","false","false","","false","","0","false","false","false","false","false","","","0","0","","false","75467fa84678312ca04db85c03c210b379da2d7ab492f49338653abf6d753896"
"SquidPony/SquidLib","f3da8bb6a661d0f96322ca03339de3406ad12671","1517439600","1.18","1.7","1.7","squidpony.performance.RNGBenchmark.measureMathUtils","5","","5","","","","BOTH_UNSET","BOTH_UNSET","BOTH_UNSET","5","","5","","","","BOTH_UNSET","BOTH_UNSET","BOTH_UNSET","1","","1","","","","false","","false","true","","true","false","","false","false","","false","","0","false","false","false","false","false","","","0","0","","false","06db80dc81cee50ebf2d75fcc6662a3816964e3cba7c3c0f3a0dde5300e53671"
"SquidPony/SquidLib","f3da8bb6a661d0f96322ca03339de3406ad12671","1517439600","1.18","1.7","1.7","squidpony.performance.RNGBenchmark.measureMathUtilsInt","5","","5","","","","BOTH_UNSET","BOTH_UNSET","BOTH_UNSET","5","","5","","","","BOTH_UNSET","BOTH_UNSET","BOTH_UNSET","1","","1","","","","false","","false","true","","true","false","","false","false","","false","","0","false","false","false","false","false","","","0","0","","false","edab52035281fe0ae73b873727c8881edc92ba13e279c4f8e6f72461bc98f67c"
"SquidPony/SquidLib","f3da8bb6a661d0f96322ca03339de3406ad12671","1517439600","1.18","1.7","1.7","squidpony.performance.RNGBenchmark.measureMT","","","","","","","BOTH_UNSET","BOTH_UNSET","BOTH_UNSET","","","","","","","BOTH_UNSET","BOTH_UNSET","BOTH_UNSET","","","","","","","false","","false","true","","true","false","","false","false","","false","","0","false","false","false","false","false","","","0","0","","false","354648b8cec3cc3ace805477c08d4b4aa00aa2c03e3793b94532afbf98747fd0"
"SquidPony/SquidLib","f3da8bb6a661d0f96322ca03339de3406ad12671","1517439600","1.18","1.7","1.7","squidpony.performance.RNGBenchmark.measureMTInt","","","","","","","BOTH_UNSET","BOTH_UNSET","BOTH_UNSET","","","","","","","BOTH_UNSET","BOTH_UNSET","BOTH_UNSET","","","","","","","false","","false","true","","true","false","","false","false","","false","","0","false","false","false","false","false","","","0","0","","false","b168ce286e59cbeab82bc23d4a3826b0978c1cd02d8a4b0b1670b07aed91a1eb"
"SquidPony/SquidLib","f3da8bb6a661d0f96322ca03339de3406ad12671","1517439600","1.18","1.7","1.7","squidpony.performance.RNGBenchmark.measureMTR","","","","","","","BOTH_UNSET","BOTH_UNSET","BOTH_UNSET","","","","","","","BOTH_UNSET","BOTH_UNSET","BOTH_UNSET","","","","","","","false","","false","true","","true","false","","false","false","","false","","0","false","false","false","false","false","","","0","0","","false","eb3a07b6a1ea8cfd45ca7faf5860aeadee96bbbb24f8961839b4149b5e839695"
"SquidPony/SquidLib","f3da8bb6a661d0f96322ca03339de3406ad12671","1517439600","1.18","1.7","1.7","squidpony.performance.RNGBenchmark.measureMTIntR","","","","","","","BOTH_UNSET","BOTH_UNSET","BOTH_UNSET","","","","","","","BOTH_UNSET","BOTH_UNSET","BOTH_UNSET","","","","","","","false","","false","true","","true","false","","false","false","","false","","0","false","false","false","false","false","","","0","0","","false","4c21cf5622d89489856cd5093574a6207a0e2caa1a3c6d56a4edd3adddd1095a"
"SquidPony/SquidLib","f3da8bb6a661d0f96322ca03339de3406ad12671","1517439600","1.18","1.7","1.7","squidpony.performance.FOVCacheBenchmark.measureCachedFOV","","","","","","","BOTH_UNSET","BOTH_UNSET","BOTH_UNSET","","","","","","","BOTH_UNSET","BOTH_UNSET","BOTH_UNSET","","","","","","","false","","false","true","","true","false","","false","false","","false","squidpony.performance.FOVCacheBenchmark.CachedState","1","false","false","false","false","false","","","0","0","double","false","d3b86508956cc612822e83d48ca7433b800ca556dbf4055ce1cb4d3e5c3f37e8"
"SquidPony/SquidLib","f3da8bb6a661d0f96322ca03339de3406ad12671","1517439600","1.18","1.7","1.7","squidpony.performance.FOVCacheBenchmark.measureFOV","","","","","","","BOTH_UNSET","BOTH_UNSET","BOTH_UNSET","","","","","","","BOTH_UNSET","BOTH_UNSET","BOTH_UNSET","","","","","","","false","","false","true","","true","false","","false","false","","false","squidpony.performance.FOVCacheBenchmark.FreshState","1","false","false","false","false","false","","","0","0","double","false","0e38afd36ca9f80a486f192bbca2a3ced3fa1fd6bf8359900737f2134e699a98"
"SquidPony/SquidLib","f3da8bb6a661d0f96322ca03339de3406ad12671","1517439600","1.18","1.7","1.7","squidpony.performance.LOSBenchmark.measureBresenham","","","","","","","BOTH_UNSET","BOTH_UNSET","BOTH_UNSET","","","","","","","BOTH_UNSET","BOTH_UNSET","BOTH_UNSET","","","","","","","false","","false","true","","true","false","","false","false","","false","","0","false","false","false","false","false","","","0","0","","false","6bb0d59b0e9642c55f26f55f28dba6a9cfd63ff03f0c1368c7e774e086e42c7d"
"SquidPony/SquidLib","f3da8bb6a661d0f96322ca03339de3406ad12671","1517439600","1.18","1.7","1.7","squidpony.performance.LOSBenchmark.measureDDA","","","","","","","BOTH_UNSET","BOTH_UNSET","BOTH_UNSET","","","","","","","BOTH_UNSET","BOTH_UNSET","BOTH_UNSET","","","","","","","false","","false","true","","true","false","","false","false","","false","","0","false","false","false","false","false","","","0","0","","false","14d6b3d1b2c83ca72bf04fe51fe307a7ea6fcf751d05bbdc219cf780599db60c"
"SquidPony/SquidLib","f3da8bb6a661d0f96322ca03339de3406ad12671","1517439600","1.18","1.7","1.7","squidpony.performance.LOSBenchmark.measureRay","","","","","","","BOTH_UNSET","BOTH_UNSET","BOTH_UNSET","","","","","","","BOTH_UNSET","BOTH_UNSET","BOTH_UNSET","","","","","","","false","","false","true","","true","false","","false","false","","false","","0","false","false","false","false","false","","","0","0","","false","ed8fa0dd5acc4e4428c13e830a760ec36c877c3f345634a54745c89b043c6fbd"
"SquidPony/SquidLib","f3da8bb6a661d0f96322ca03339de3406ad12671","1517439600","1.18","1.7","1.7","squidpony.performance.LOSBenchmark.measureOrtho","","","","","","","BOTH_UNSET","BOTH_UNSET","BOTH_UNSET","","","","","","","BOTH_UNSET","BOTH_UNSET","BOTH_UNSET","","","","","","","false","","false","true","","true","false","","false","false","","false","","0","false","false","false","false","false","","","0","0","","false","da0e9d42f33dc79801d205e860b5317b73511315cd94dc229f2987f27821505a"
"SquidPony/SquidLib","f3da8bb6a661d0f96322ca03339de3406ad12671","1517439600","1.18","1.7","1.7","squidpony.performance.DijkstraBenchmark.doScanDijkstra","5","5","","","","","BOTH_UNSET","BOTH_UNSET","BOTH_UNSET","5","5","","","","","BOTH_UNSET","BOTH_UNSET","BOTH_UNSET","1","1","","","","","false","false","","true","true","","false","false","","false","false","","squidpony.performance.DijkstraBenchmark.BenchmarkState","1","false","false","false","false","false","","","0","0","long","false","24af7ae6878fc0ad19c90d3682255d19a3947437fc0e370dcd0a9b612fd17775"
"SquidPony/SquidLib","f3da8bb6a661d0f96322ca03339de3406ad12671","1517439600","1.18","1.7","1.7","squidpony.performance.DijkstraBenchmark.doScanCustomDijkstra","5","5","","","","","BOTH_UNSET","BOTH_UNSET","BOTH_UNSET","5","5","","","","","BOTH_UNSET","BOTH_UNSET","BOTH_UNSET","1","1","","","","","false","false","","true","true","","false","false","","false","false","","squidpony.performance.DijkstraBenchmark.BenchmarkState","1","false","false","false","false","false","","","0","0","long","false","fa3deecf8350de536776aa505930a84a823203aed9e06f2de11ad51128dd50c9"
"SquidPony/SquidLib","f3da8bb6a661d0f96322ca03339de3406ad12671","1517439600","1.18","1.7","1.7","squidpony.performance.DijkstraBenchmark.doPathDijkstra","5","5","","","","","BOTH_UNSET","BOTH_UNSET","BOTH_UNSET","5","5","","","","","BOTH_UNSET","BOTH_UNSET","BOTH_UNSET","1","1","","","","","false","false","","true","true","","false","false","","false","false","","squidpony.performance.DijkstraBenchmark.BenchmarkState","1","false","false","false","false","false","","","0","0","long","false","426faddca09fefac15fcae5f27817ca6fb71eb247a324b3813370d7f38000843"
"SquidPony/SquidLib","f3da8bb6a661d0f96322ca03339de3406ad12671","1517439600","1.18","1.7","1.7","squidpony.performance.DijkstraBenchmark.doTinyPathDijkstra","5","5","","","","","BOTH_UNSET","BOTH_UNSET","BOTH_UNSET","5","5","","","","","BOTH_UNSET","BOTH_UNSET","BOTH_UNSET","1","1","","","","","false","false","","true","true","","false","false","","false","false","","squidpony.performance.DijkstraBenchmark.BenchmarkState","1","false","false","false","false","false","","","0","0","long","false","d0ee97ebf030b7c6e871b3cc31a19d08cf79af63e2e36a8a8a9251d7c13b5eeb"
"SquidPony/SquidLib","f3da8bb6a661d0f96322ca03339de3406ad12671","1517439600","1.18","1.7","1.7","squidpony.performance.DijkstraBenchmark.doPathCustomDijkstra","5","5","","","","","BOTH_UNSET","BOTH_UNSET","BOTH_UNSET","5","5","","","","","BOTH_UNSET","BOTH_UNSET","BOTH_UNSET","1","1","","","","","false","false","","true","true","","false","false","","false","false","","squidpony.performance.DijkstraBenchmark.BenchmarkState","1","false","false","false","false","false","","","0","0","long","false","af123236f47a8a005b30ff1a56c6bacd07d1285484fe4e2c8f13a9489a8a96b5"
"SquidPony/SquidLib","f3da8bb6a661d0f96322ca03339de3406ad12671","1517439600","1.18","1.7","1.7","squidpony.performance.DijkstraBenchmark.doTinyPathCustomDijkstra","5","5","","","","","BOTH_UNSET","BOTH_UNSET","BOTH_UNSET","5","5","","","","","BOTH_UNSET","BOTH_UNSET","BOTH_UNSET","1","1","","","","","false","false","","true","true","","false","false","","false","false","","squidpony.performance.DijkstraBenchmark.BenchmarkState","1","false","false","false","false","false","","","0","0","long","false","89c22320ab7e178b4df29decc78e197e1bfa571b494e84f141b388ae662369f2"
"SquidPony/SquidLib","f3da8bb6a661d0f96322ca03339de3406ad12671","1517439600","1.18","1.7","1.7","squidpony.performance.DijkstraBenchmark.doPathGDXAStar","5","5","","","","","BOTH_UNSET","BOTH_UNSET","BOTH_UNSET","5","5","","","","","BOTH_UNSET","BOTH_UNSET","BOTH_UNSET","1","1","","","","","false","false","","true","true","","false","false","","false","false","","squidpony.performance.DijkstraBenchmark.BenchmarkState","1","false","false","false","false","false","","","0","0","long","false","617d1501a16e09019a7e9cb469a38073e470fa0c1a46a3c3183294ef6b362a64"
"SquidPony/SquidLib","f3da8bb6a661d0f96322ca03339de3406ad12671","1517439600","1.18","1.7","1.7","squidpony.performance.DijkstraBenchmark.doTinyPathGDXAStar","5","5","","","","","BOTH_UNSET","BOTH_UNSET","BOTH_UNSET","5","5","","","","","BOTH_UNSET","BOTH_UNSET","BOTH_UNSET","1","1","","","","","false","false","","true","true","","false","false","","false","false","","squidpony.performance.DijkstraBenchmark.BenchmarkState","1","false","false","false","false","false","","","0","0","long","false","6cc5bb32ed459d77adf69d3de60f56edd9071f5a4d51c9c003eed9bf1f9c831f"
"SquidPony/SquidLib","f3da8bb6a661d0f96322ca03339de3406ad12671","1517439600","1.18","1.7","1.7","squidpony.performance.CoordPackerBenchmark.measurePack","","","","","","","BOTH_UNSET","BOTH_UNSET","BOTH_UNSET","","","","","","","BOTH_UNSET","BOTH_UNSET","BOTH_UNSET","","","","","","","false","","false","true","","true","false","","false","false","","false","","0","false","false","false","false","false","","","0","0","","false","da2ad5f4dc184bc839b3addc7f24548bf3250b71de89d58de165379b6c4dcd98"
"SquidPony/SquidLib","f3da8bb6a661d0f96322ca03339de3406ad12671","1517439600","1.18","1.7","1.7","squidpony.performance.CoordPackerBenchmark.measureUnion","","","","","","","BOTH_UNSET","BOTH_UNSET","BOTH_UNSET","","","","","","","BOTH_UNSET","BOTH_UNSET","BOTH_UNSET","","","","","","","false","","false","true","","true","false","","false","false","","false","","0","false","false","false","false","false","","","0","0","","false","ae59583a7c8065ff4fd370732d9b98216cdf00e9b667064fe12d3a883bc7f88d"
"SquidPony/SquidLib","f3da8bb6a661d0f96322ca03339de3406ad12671","1517439600","1.18","1.7","1.7","squidpony.performance.CoordPackerBenchmark.measureIntersect","","","","","","","BOTH_UNSET","BOTH_UNSET","BOTH_UNSET","","","","","","","BOTH_UNSET","BOTH_UNSET","BOTH_UNSET","","","","","","","false","","false","true","","true","false","","false","false","","false","","0","false","false","false","false","false","","","0","0","","false","813081778b2b20fa143800ff338f31d116ef59b8a45caae19dbfea532e900b12"
"SquidPony/SquidLib","f3da8bb6a661d0f96322ca03339de3406ad12671","1517439600","1.18","1.7","1.7","squidpony.performance.CoordPackerBenchmark.measureFringe","","","","","","","BOTH_UNSET","BOTH_UNSET","BOTH_UNSET","","","","","","","BOTH_UNSET","BOTH_UNSET","BOTH_UNSET","","","","","","","false","","false","true","","true","false","","false","false","","false","","0","false","false","false","false","false","","","0","0","","false","a3d40d98437826acfe037b258aca2531eba9489f437d27a290fd07b55ed570dd"
"SquidPony/SquidLib","f3da8bb6a661d0f96322ca03339de3406ad12671","1517439600","1.18","1.7","1.7","squidpony.performance.CoordPackerBenchmark.measureExpand","","","","","","","BOTH_UNSET","BOTH_UNSET","BOTH_UNSET","","","","","","","BOTH_UNSET","BOTH_UNSET","BOTH_UNSET","","","","","","","false","","false","true","","true","false","","false","false","","false","","0","false","false","false","false","false","","","0","0","","false","6a4550042d3f67a91f6ebe3dff4230331bbb78c8896ec321d9939c9f853649fc"
"SquidPony/SquidLib","f3da8bb6a661d0f96322ca03339de3406ad12671","1517439600","1.18","1.7","1.7","squidpony.performance.CoordPackerBenchmark.measureSurface","","","","","","","BOTH_UNSET","BOTH_UNSET","BOTH_UNSET","","","","","","","BOTH_UNSET","BOTH_UNSET","BOTH_UNSET","","","","","","","false","","false","true","","true","false","","false","false","","false","","0","false","false","false","false","false","","","0","0","","false","2f9871d1589ada6fb94251b92121b915f0bd7914c393d6f871f050754648091c"
"SquidPony/SquidLib","f3da8bb6a661d0f96322ca03339de3406ad12671","1517439600","1.18","1.7","1.7","squidpony.performance.CoordPackerBenchmark.measureRetract","","","","","","","BOTH_UNSET","BOTH_UNSET","BOTH_UNSET","","","","","","","BOTH_UNSET","BOTH_UNSET","BOTH_UNSET","","","","","","","false","","false","true","","true","false","","false","false","","false","","0","false","false","false","false","false","","","0","0","","false","5160958c8440de4b88cf1bec91c989d600b2e318d957fe6034be64f81f3bf52a"
"SquidPony/SquidLib","f3da8bb6a661d0f96322ca03339de3406ad12671","1517439600","1.18","1.7","1.7","squidpony.performance.CoordPackerBenchmark.measureFlood","","","","","","","BOTH_UNSET","BOTH_UNSET","BOTH_UNSET","","","","","","","BOTH_UNSET","BOTH_UNSET","BOTH_UNSET","","","","","","","false","","false","true","","true","false","","false","false","","false","","0","false","false","false","false","false","","","0","0","","false","062f43bba4fcf71bfae6e6fea1430aadac92db0b5533c53569a057592d1c549b"
"SquidPony/SquidLib","f3da8bb6a661d0f96322ca03339de3406ad12671","1517439600","1.18","1.7","1.7","squidpony.performance.CoordPackerBenchmark.measurePackG","","","","","","","BOTH_UNSET","BOTH_UNSET","BOTH_UNSET","","","","","","","BOTH_UNSET","BOTH_UNSET","BOTH_UNSET","","","","","","","false","","false","true","","true","false","","false","false","","false","","0","false","false","false","false","false","","","0","0","","false","6f6811bb23d146ba3c46c722249ac33fa8b65ebf5454b1ae4eb27ea376f11d3d"
"SquidPony/SquidLib","f3da8bb6a661d0f96322ca03339de3406ad12671","1517439600","1.18","1.7","1.7","squidpony.performance.CoordPackerBenchmark.measureUnionG","","","","","","","BOTH_UNSET","BOTH_UNSET","BOTH_UNSET","","","","","","","BOTH_UNSET","BOTH_UNSET","BOTH_UNSET","","","","","","","false","","false","true","","true","false","","false","false","","false","","0","false","false","false","false","false","","","0","0","","false","60430a303a570602392f8af952b76a7d88036fc1eb53435ae1288fc809f29762"
"SquidPony/SquidLib","f3da8bb6a661d0f96322ca03339de3406ad12671","1517439600","1.18","1.7","1.7","squidpony.performance.CoordPackerBenchmark.measureIntersectG","","","","","","","BOTH_UNSET","BOTH_UNSET","BOTH_UNSET","","","","","","","BOTH_UNSET","BOTH_UNSET","BOTH_UNSET","","","","","","","false","","false","true","","true","false","","false","false","","false","","0","false","false","false","false","false","","","0","0","","false","fb7cf0be4e7c876a6780b86fc5a96dfa5670aaf9867fff570bfcc018da4b0e37"
"SquidPony/SquidLib","f3da8bb6a661d0f96322ca03339de3406ad12671","1517439600","1.18","1.7","1.7","squidpony.performance.CoordPackerBenchmark.measureFringeG","","","","","","","BOTH_UNSET","BOTH_UNSET","BOTH_UNSET","","","","","","","BOTH_UNSET","BOTH_UNSET","BOTH_UNSET","","","","","","","false","","false","true","","true","false","","false","false","","false","","0","false","false","false","false","false","","","0","0","","false","41be5d457f3e6cf17fa7cfe90128dbcf9fe98e98d9158dee968110b3aaef02a4"
"SquidPony/SquidLib","f3da8bb6a661d0f96322ca03339de3406ad12671","1517439600","1.18","1.7","1.7","squidpony.performance.CoordPackerBenchmark.measureExpandG","","","","","","","BOTH_UNSET","BOTH_UNSET","BOTH_UNSET","","","","","","","BOTH_UNSET","BOTH_UNSET","BOTH_UNSET","","","","","","","false","","false","true","","true","false","","false","false","","false","","0","false","false","false","false","false","","","0","0","","false","9b7c756638d60d70efcf77551380e739ab5549c1ea223fc7e8881e20c75d1a03"
"SquidPony/SquidLib","f3da8bb6a661d0f96322ca03339de3406ad12671","1517439600","1.18","1.7","1.7","squidpony.performance.CoordPackerBenchmark.measureSurfaceG","","","","","","","BOTH_UNSET","BOTH_UNSET","BOTH_UNSET","","","","","","","BOTH_UNSET","BOTH_UNSET","BOTH_UNSET","","","","","","","false","","false","true","","true","false","","false","false","","false","","0","false","false","false","false","false","","","0","0","","false","87cb02b216facdde99a1d6811e93103968b1e24fa6339bece755c77e94a5ba56"
"SquidPony/SquidLib","f3da8bb6a661d0f96322ca03339de3406ad12671","1517439600","1.18","1.7","1.7","squidpony.performance.CoordPackerBenchmark.measureRetractG","","","","","","","BOTH_UNSET","BOTH_UNSET","BOTH_UNSET","","","","","","","BOTH_UNSET","BOTH_UNSET","BOTH_UNSET","","","","","","","false","","false","true","","true","false","","false","false","","false","","0","false","false","false","false","false","","","0","0","","false","bac55a923d69c52c80ce2a3f8cfb8c8232974ab1f90784dbb83285d9b11472b7"
"SquidPony/SquidLib","f3da8bb6a661d0f96322ca03339de3406ad12671","1517439600","1.18","1.7","1.7","squidpony.performance.CoordPackerBenchmark.measureFloodG","","","","","","","BOTH_UNSET","BOTH_UNSET","BOTH_UNSET","","","","","","","BOTH_UNSET","BOTH_UNSET","BOTH_UNSET","","","","","","","false","","false","true","","true","false","","false","false","","false","","0","false","false","false","false","false","","","0","0","","false","b213838a4b2cdaedb6ed4bee08ed3219e52966f11131221aac369fe29f2f7f2a"
"SquidPony/SquidLib","f3da8bb6a661d0f96322ca03339de3406ad12671","1517439600","1.18","1.7","1.7","squidpony.performance.WaypointBenchmark.measurePath","","","","","","","BOTH_UNSET","BOTH_UNSET","BOTH_UNSET","","","","","","","BOTH_UNSET","BOTH_UNSET","BOTH_UNSET","","","","","","","false","","false","true","","true","false","","false","false","","false","","0","false","false","false","false","false","","","0","0","","false","64f4d0ad09294494ff59b63f096ed8c40f6d9197dc52066b4df877138b33c44d"
"SquidPony/SquidLib","f3da8bb6a661d0f96322ca03339de3406ad12671","1517439600","1.18","1.7","1.7","squidpony.performance.WaypointBenchmark.measurePath2","","","","","","","BOTH_UNSET","BOTH_UNSET","BOTH_UNSET","","","","","","","BOTH_UNSET","BOTH_UNSET","BOTH_UNSET","","","","","","","false","","false","true","","true","false","","false","false","","false","","0","false","false","false","false","false","","","0","0","","false","2dea9000756273ac090a1ce996d1e8d833923e763cd098337792087d17ae53c0"
"SquidPony/SquidLib","f3da8bb6a661d0f96322ca03339de3406ad12671","1517439600","1.18","1.7","1.7","squidpony.performance.WaypointBenchmark.measurePath3","","","","","","","BOTH_UNSET","BOTH_UNSET","BOTH_UNSET","","","","","","","BOTH_UNSET","BOTH_UNSET","BOTH_UNSET","","","","","","","false","","false","true","","true","false","","false","false","","false","","0","false","false","false","false","false","","","0","0","","false","025a71b66066cfe327ad8249d40836b052e36ca0fc7334974ec09b7e46f06930"
"SquidPony/SquidLib","f3da8bb6a661d0f96322ca03339de3406ad12671","1517439600","1.18","1.7","1.7","squidpony.performance.WaypointBenchmark.measureWaypoint","","","","","","","BOTH_UNSET","BOTH_UNSET","BOTH_UNSET","","","","","","","BOTH_UNSET","BOTH_UNSET","BOTH_UNSET","","","","","","","false","","false","true","","true","false","","false","false","","false","","0","false","false","false","false","false","","","0","0","","false","289daab1ea9e646d8da7cc6be0560774af51f97ce2a74c118381b79c6e21044b"
"SquidPony/SquidLib","f3da8bb6a661d0f96322ca03339de3406ad12671","1517439600","1.18","1.7","1.7","squidpony.performance.WaypointBenchmark.measureWaypoint2","","","","","","","BOTH_UNSET","BOTH_UNSET","BOTH_UNSET","","","","","","","BOTH_UNSET","BOTH_UNSET","BOTH_UNSET","","","","","","","false","","false","true","","true","false","","false","false","","false","","0","false","false","false","false","false","","","0","0","","false","bab530adcb2ea927da42cb43575751c979428e353b18f611bdcaaebabd057df1"
"SquidPony/SquidLib","f3da8bb6a661d0f96322ca03339de3406ad12671","1517439600","1.18","1.7","1.7","squidpony.performance.WaypointBenchmark.measureWaypoint3","","","","","","","BOTH_UNSET","BOTH_UNSET","BOTH_UNSET","","","","","","","BOTH_UNSET","BOTH_UNSET","BOTH_UNSET","","","","","","","false","","false","true","","true","false","","false","false","","false","","0","false","false","false","false","false","","","0","0","","false","b11070245e736d276998e2d243704e8d7d44862daf8e0a3211f0e8e5f1951791"
"SquidPony/SquidLib","f3da8bb6a661d0f96322ca03339de3406ad12671","1517439600","1.18","1.7","1.7","squidpony.performance.WaypointBenchmark.countWaypoint","","","","","","","BOTH_UNSET","BOTH_UNSET","BOTH_UNSET","","","","","","","BOTH_UNSET","BOTH_UNSET","BOTH_UNSET","","","","","","","false","","false","false","","false","false","","false","true","","true","","0","false","false","false","false","false","","","0","0","","false","69c82a8f4797906ac5a33ebbfa504ac4ba50404ecbc9c4f2a0329d20ef4345d2"
"SquidPony/SquidLib","f3da8bb6a661d0f96322ca03339de3406ad12671","1517439600","1.18","1.7","1.7","squidpony.performance.WaypointBenchmark.countWaypoint2","","","","","","","BOTH_UNSET","BOTH_UNSET","BOTH_UNSET","","","","","","","BOTH_UNSET","BOTH_UNSET","BOTH_UNSET","","","","","","","false","","false","false","","false","false","","false","true","","true","","0","false","false","false","false","false","","","0","0","","false","c4d11f631985bfabd13b7a735c56a6ccce04e42301ff301ce2ba9964ed52d9a7"
"SquidPony/SquidLib","f3da8bb6a661d0f96322ca03339de3406ad12671","1517439600","1.18","1.7","1.7","squidpony.performance.WaypointBenchmark.countWaypoint3","","","","","","","BOTH_UNSET","BOTH_UNSET","BOTH_UNSET","","","","","","","BOTH_UNSET","BOTH_UNSET","BOTH_UNSET","","","","","","","false","","false","false","","false","false","","false","true","","true","","0","false","false","false","false","false","","","0","0","","false","d67872de932d5e68e54b089bb22f28f698c939dcb487407f83e12f9c08e51390"
"SquidPony/SquidLib","f3da8bb6a661d0f96322ca03339de3406ad12671","1517439600","1.18","1.7","1.7","squidpony.performance.DataStructureBenchmark.insertLinkedHashMap","4","4","","","","","BOTH_UNSET","BOTH_UNSET","BOTH_UNSET","4","4","","","","","BOTH_UNSET","BOTH_UNSET","BOTH_UNSET","1","1","","","","","false","false","","true","true","","false","false","","false","false","","squidpony.performance.DataStructureBenchmark.BenchmarkState&org.openjdk.jmh.infra.Blackhole","2","true","false","false","false","false","SIZE=squidpony.performance.DataStructureBenchmark.BenchmarkState","SIZE=1500&SIZE=3000&SIZE=6000&SIZE=12000","1","1","","false","b5ad93f36867318b7f2d2c8fb693f53b1eff08f76d99c1254c5ae976155ca76a"
"SquidPony/SquidLib","f3da8bb6a661d0f96322ca03339de3406ad12671","1517439600","1.18","1.7","1.7","squidpony.performance.DataStructureBenchmark.insertSquidOM","4","4","","","","","BOTH_UNSET","BOTH_UNSET","BOTH_UNSET","4","4","","","","","BOTH_UNSET","BOTH_UNSET","BOTH_UNSET","1","1","","","","","false","false","","true","true","","false","false","","false","false","","squidpony.performance.DataStructureBenchmark.BenchmarkState&org.openjdk.jmh.infra.Blackhole","2","true","false","false","false","false","SIZE=squidpony.performance.DataStructureBenchmark.BenchmarkState","SIZE=1500&SIZE=3000&SIZE=6000&SIZE=12000","1","1","","false","18dc351a4d22c33afb9a2efd171e23764d18842bf32126b64fcd35507ab349d4"
"SquidPony/SquidLib","f3da8bb6a661d0f96322ca03339de3406ad12671","1517439600","1.18","1.7","1.7","squidpony.performance.DataStructureBenchmark.insertSquidOM2","4","4","","","","","BOTH_UNSET","BOTH_UNSET","BOTH_UNSET","4","4","","","","","BOTH_UNSET","BOTH_UNSET","BOTH_UNSET","1","1","","","","","false","false","","true","true","","false","false","","false","false","","squidpony.performance.DataStructureBenchmark.BenchmarkState&org.openjdk.jmh.infra.Blackhole","2","true","false","false","false","false","SIZE=squidpony.performance.DataStructureBenchmark.BenchmarkState","SIZE=1500&SIZE=3000&SIZE=6000&SIZE=12000","1","1","","false","1b09a43f5759b74ac36eb4416297106c61486a1b6ac4ccc65c0a937bb0d28246"
"SquidPony/SquidLib","f3da8bb6a661d0f96322ca03339de3406ad12671","1517439600","1.18","1.7","1.7","squidpony.performance.DataStructureBenchmark.insertSquidOM3","4","4","","","","","BOTH_UNSET","BOTH_UNSET","BOTH_UNSET","4","4","","","","","BOTH_UNSET","BOTH_UNSET","BOTH_UNSET","1","1","","","","","false","false","","true","true","","false","false","","false","false","","squidpony.performance.DataStructureBenchmark.BenchmarkState&org.openjdk.jmh.infra.Blackhole","2","true","false","false","false","false","SIZE=squidpony.performance.DataStructureBenchmark.BenchmarkState","SIZE=1500&SIZE=3000&SIZE=6000&SIZE=12000","1","1","","false","e5ffc9e62b0383dd310e659bf44e0ece52b7db1c1cb7c77f86c7d7431cc23c7a"
"SquidPony/SquidLib","f3da8bb6a661d0f96322ca03339de3406ad12671","1517439600","1.18","1.7","1.7","squidpony.performance.DataStructureBenchmark.insertGdxOM","4","4","","","","","BOTH_UNSET","BOTH_UNSET","BOTH_UNSET","4","4","","","","","BOTH_UNSET","BOTH_UNSET","BOTH_UNSET","1","1","","","","","false","false","","true","true","","false","false","","false","false","","squidpony.performance.DataStructureBenchmark.BenchmarkState&org.openjdk.jmh.infra.Blackhole","2","true","false","false","false","false","SIZE=squidpony.performance.DataStructureBenchmark.BenchmarkState","SIZE=1500&SIZE=3000&SIZE=6000&SIZE=12000","1","1","","false","fcc50b6cb4e65f5e6bacbcd633bf983c80f92f818ca6ca08c602a87ed7bcf1d9"
"SquidPony/SquidLib","f3da8bb6a661d0f96322ca03339de3406ad12671","1517439600","1.18","1.7","1.7","squidpony.performance.DataStructureBenchmark.insertGdxOM2","4","4","","","","","BOTH_UNSET","BOTH_UNSET","BOTH_UNSET","4","4","","","","","BOTH_UNSET","BOTH_UNSET","BOTH_UNSET","1","1","","","","","false","false","","true","true","","false","false","","false","false","","squidpony.performance.DataStructureBenchmark.BenchmarkState&org.openjdk.jmh.infra.Blackhole","2","true","false","false","false","false","SIZE=squidpony.performance.DataStructureBenchmark.BenchmarkState","SIZE=1500&SIZE=3000&SIZE=6000&SIZE=12000","1","1","","false","2954abf00dda154bc37b1c984f6d0fb812c3e29cbafa52572469ffe504c79c68"
"SquidPony/SquidLib","f3da8bb6a661d0f96322ca03339de3406ad12671","1517439600","1.18","1.7","1.7","squidpony.performance.DataStructureBenchmark.insertGdxOM3","4","4","","","","","BOTH_UNSET","BOTH_UNSET","BOTH_UNSET","4","4","","","","","BOTH_UNSET","BOTH_UNSET","BOTH_UNSET","1","1","","","","","false","false","","true","true","","false","false","","false","false","","squidpony.performance.DataStructureBenchmark.BenchmarkState&org.openjdk.jmh.infra.Blackhole","2","true","false","false","false","false","SIZE=squidpony.performance.DataStructureBenchmark.BenchmarkState","SIZE=1500&SIZE=3000&SIZE=6000&SIZE=12000","1","1","","false","4e336b39e9b1047b9d2ac6eb78f2ca069967fea83f2a35b56058486a70700795"
"SquidPony/SquidLib","f3da8bb6a661d0f96322ca03339de3406ad12671","1517439600","1.18","1.7","1.7","squidpony.performance.DataStructureBenchmark.insertLinkedHashSet","4","4","","","","","BOTH_UNSET","BOTH_UNSET","BOTH_UNSET","4","4","","","","","BOTH_UNSET","BOTH_UNSET","BOTH_UNSET","1","1","","","","","false","false","","true","true","","false","false","","false","false","","squidpony.performance.DataStructureBenchmark.BenchmarkState&org.openjdk.jmh.infra.Blackhole","2","true","false","false","false","false","SIZE=squidpony.performance.DataStructureBenchmark.BenchmarkState","SIZE=1500&SIZE=3000&SIZE=6000&SIZE=12000","1","1","","false","ac99f436f2d7713c3fb8790664672cc82799f0e5de18f5248c536de89ce39782"
"SquidPony/SquidLib","f3da8bb6a661d0f96322ca03339de3406ad12671","1517439600","1.18","1.7","1.7","squidpony.performance.DataStructureBenchmark.insertSquidOS","4","4","","","","","BOTH_UNSET","BOTH_UNSET","BOTH_UNSET","4","4","","","","","BOTH_UNSET","BOTH_UNSET","BOTH_UNSET","1","1","","","","","false","false","","true","true","","false","false","","false","false","","squidpony.performance.DataStructureBenchmark.BenchmarkState&org.openjdk.jmh.infra.Blackhole","2","true","false","false","false","false","SIZE=squidpony.performance.DataStructureBenchmark.BenchmarkState","SIZE=1500&SIZE=3000&SIZE=6000&SIZE=12000","1","1","","false","9f69bd635645ac0f1876f851bbb91739d2a7a2b922cfe386c96126be391739c8"
"SquidPony/SquidLib","f3da8bb6a661d0f96322ca03339de3406ad12671","1517439600","1.18","1.7","1.7","squidpony.performance.DataStructureBenchmark.insertSquidOS2","4","4","","","","","BOTH_UNSET","BOTH_UNSET","BOTH_UNSET","4","4","","","","","BOTH_UNSET","BOTH_UNSET","BOTH_UNSET","1","1","","","","","false","false","","true","true","","false","false","","false","false","","squidpony.performance.DataStructureBenchmark.BenchmarkState&org.openjdk.jmh.infra.Blackhole","2","true","false","false","false","false","SIZE=squidpony.performance.DataStructureBenchmark.BenchmarkState","SIZE=1500&SIZE=3000&SIZE=6000&SIZE=12000","1","1","","false","fe8ef4cdb0d6bbb61efef858e9258b8f84b2f06e4b732a83ebaeb0a48d2edd99"
"SquidPony/SquidLib","f3da8bb6a661d0f96322ca03339de3406ad12671","1517439600","1.18","1.7","1.7","squidpony.performance.DataStructureBenchmark.insertSquidOS3","4","4","","","","","BOTH_UNSET","BOTH_UNSET","BOTH_UNSET","4","4","","","","","BOTH_UNSET","BOTH_UNSET","BOTH_UNSET","1","1","","","","","false","false","","true","true","","false","false","","false","false","","squidpony.performance.DataStructureBenchmark.BenchmarkState&org.openjdk.jmh.infra.Blackhole","2","true","false","false","false","false","SIZE=squidpony.performance.DataStructureBenchmark.BenchmarkState","SIZE=1500&SIZE=3000&SIZE=6000&SIZE=12000","1","1","","false","95f505fd45f5301da270ccd7efe34f50171cd72c9202e4622a880b0bbb8f0cb0"
"SquidPony/SquidLib","f3da8bb6a661d0f96322ca03339de3406ad12671","1517439600","1.18","1.7","1.7","squidpony.performance.DataStructureBenchmark.insertGdxOS","4","4","","","","","BOTH_UNSET","BOTH_UNSET","BOTH_UNSET","4","4","","","","","BOTH_UNSET","BOTH_UNSET","BOTH_UNSET","1","1","","","","","false","false","","true","true","","false","false","","false","false","","squidpony.performance.DataStructureBenchmark.BenchmarkState&org.openjdk.jmh.infra.Blackhole","2","true","false","false","false","false","SIZE=squidpony.performance.DataStructureBenchmark.BenchmarkState","SIZE=1500&SIZE=3000&SIZE=6000&SIZE=12000","1","1","","false","22bcecfb3fd8552a13425638110c902bbf6449915a059baef65d15bff278be42"
"SquidPony/SquidLib","f3da8bb6a661d0f96322ca03339de3406ad12671","1517439600","1.18","1.7","1.7","squidpony.performance.DataStructureBenchmark.insertGdxOS2","4","4","","","","","BOTH_UNSET","BOTH_UNSET","BOTH_UNSET","4","4","","","","","BOTH_UNSET","BOTH_UNSET","BOTH_UNSET","1","1","","","","","false","false","","true","true","","false","false","","false","false","","squidpony.performance.DataStructureBenchmark.BenchmarkState&org.openjdk.jmh.infra.Blackhole","2","true","false","false","false","false","SIZE=squidpony.performance.DataStructureBenchmark.BenchmarkState","SIZE=1500&SIZE=3000&SIZE=6000&SIZE=12000","1","1","","false","ed3d8804c0fb44994d6b382d33b811160080d91cdd5ba672724c9be611560424"
"SquidPony/SquidLib","f3da8bb6a661d0f96322ca03339de3406ad12671","1517439600","1.18","1.7","1.7","squidpony.performance.DataStructureBenchmark.insertGdxOS3","4","4","","","","","BOTH_UNSET","BOTH_UNSET","BOTH_UNSET","4","4","","","","","BOTH_UNSET","BOTH_UNSET","BOTH_UNSET","1","1","","","","","false","false","","true","true","","false","false","","false","false","","squidpony.performance.DataStructureBenchmark.BenchmarkState&org.openjdk.jmh.infra.Blackhole","2","true","false","false","false","false","SIZE=squidpony.performance.DataStructureBenchmark.BenchmarkState","SIZE=1500&SIZE=3000&SIZE=6000&SIZE=12000","1","1","","false","94317cf6c2182e8f19d091f3875b62d0e93c70c7cc8d9d367e3c1387a965fe30"
